# 法名	部门	效力位阶	业务领域	起始ID	bbbs
中华人民共和国民族团结进步促进法	110	法律	综合	1000000	127e971ed95b44dd8ae375ab1aa8e531
中华人民共和国国家发展规划法	110	法律	综合	1001500	9f5dd948936d475fab381916c37dd257
中华人民共和国国家通用语言文字法	110	法律	教育	1003000	f77ee28fe50241918f872785b51904f4
中华人民共和国村民委员会组织法	110	法律	综合	1004500	090f4cc550f84241941e1109c8772e76
中华人民共和国城市居民委员会组织法	110	法律	综合	1006000	5d9b0a64413e4a80b060a0bd742f5fb6
中华人民共和国法治宣传教育法	110	法律	教育	1007500	189021012184442fa2ecd6b4c26dcba0
中华人民共和国全国人民代表大会和地方各级人民代表大会代表法	110	法律	综合	1009000	ff808181927b083b0195881cfb1458aa
中华人民共和国监察法	110	法律	行政	1010500	ff808181944069720194960dcea345a2
中华人民共和国各级人民代表大会常务委员会监督法	110	法律	综合	1012000	ff808181927b083b019390be74054832
中华人民共和国国务院组织法	110	法律	综合	1013500	ff8081818d6a4464018e2de2868d1dfa
中华人民共和国爱国主义教育法	110	法律	教育	1015000	ff8081818a21dc13018b625b4a68173f
中华人民共和国外国国家豁免法	110	法律	综合	1016500	ff8081818a21dc13018a51328e0c0c3c
中华人民共和国对外关系法	110	法律	综合	1018000	ff80818188d7430b0189019c15ee0943
中华人民共和国立法法	110	法律	综合	1019500	ff808181865edc140186d9d6f1cb2503
中华人民共和国全国人民代表大会常务委员会议事规则	110	法律	综合	1021000	ff8081818291977701829f3b24f300d7
中华人民共和国地方各级人民代表大会和地方各级人民政府组织法	110	法律	社会	1022500	ff8081817f48d8de017f71b0aac01019
中华人民共和国陆地国界法	110	法律	综合	1024000	ff8081817cac2ab8017cac5b80d20123
中华人民共和国监察官法	110	法律	行政	1025500	ff8081817b6472a3017b65724edf004f
中华人民共和国反外国制裁法	110	法律	综合	1027000	ff80818179f5dd9f0179f89e7a1d05d3
中国人民解放军选举全国人民代表大会和县级以上地方各级人民代表大会代表的办法	110	法律	综合	1028500	ff8081817ab22e0c017abd51fda1054a
中华人民共和国全国人民代表大会组织法	110	法律	综合	1030000	ff80808177e75f880178241833053c56
中华人民共和国全国人民代表大会议事规则	110	法律	综合	1031500	ff80808177e75f88017823fdf7d73bf1
中华人民共和国国防法	110	法律	综合	1033000	ff808081752b7d430176a89d613a3565
中华人民共和国全国人民代表大会和地方各级人民代表大会选举法	110	法律	综合	1034500	ff80808175265dd40175e47c7c140ecb
中华人民共和国国徽法	110	法律	综合	1036000	ff808081752b7d430175e4c797ed15ff
中华人民共和国国旗法	110	法律	综合	1037500	ff80808175265dd40175e4c1504b0f2e
中华人民共和国香港特别行政区维护国家安全法	110	法律	综合	1039000	ff80808172b5f24f0173094174de251e
中华人民共和国公职人员政务处分法	110	法律	综合	1040500	ff80808172b5f24f0172e4dc755418c0
中华人民共和国检察官法	110	法律	综合	1042000	ff8080816f135f46016f2170ba331afb
中华人民共和国法官法	110	法律	综合	1043500	ff8080816f135f46016f21669bcd1abd
中华人民共和国人民检察院组织法	110	法律	综合	1045000	ff8080816f135f46016f1cb8515010ba
中华人民共和国人民法院组织法	110	法律	民事	1046500	ff8080816f135f46016f1c5dbc0f106d
中华人民共和国英雄烈士保护法	110	法律	综合	1048000	2c909fdd678bf17901678bf8a38c0b59
中华人民共和国人民陪审员法	110	法律	综合	1049500	2c909fdd678bf17901678bf89dfc0b4f
中华人民共和国国歌法	110	法律	综合	1051000	2c909fdd678bf17901678bf85f470a2d
中华人民共和国国家勋章和国家荣誉称号法	110	法律	综合	1052500	2c909fdd678bf17901678bf7faa70893
中华人民共和国国家安全法	110	法律	综合	1054000	2c909fdd678bf17901678bf7e067082f
中华人民共和国国家赔偿法	110	法律	综合	1055500	2c909fdd678bf17901678bf74c26069f
中华人民共和国集会游行示威法	110	法律	综合	1057000	2c909fdd678bf17901678bf6a98a04dd
中华人民共和国外国中央银行财产司法强制措施豁免法	110	法律	经济	1058500	2c909fdd678bf17901678bf634330311
反分裂国家法	110	法律	综合	1060000	2c909fdd678bf17901678bf62dde02fd
中华人民共和国民族区域自治法	110	法律	综合	1061500	2c909fdd678bf17901678bf60d3f0267
中华人民共和国澳门特别行政区驻军法	110	法律	综合	1063000	2c909fdd678bf17901678bf6072e0221
中华人民共和国专属经济区和大陆架法	110	法律	综合	1064500	2c909fdd678bf17901678bf5eaf60203
中华人民共和国香港特别行政区驻军法	110	法律	综合	1066000	2c909fdd678bf17901678bf5df9701e5
中华人民共和国戒严法	110	法律	综合	1067500	2c909fdd678bf17901678bf5dcaf01bd
中华人民共和国澳门特别行政区基本法	110	法律	综合	1069000	2c909fdd678bf17901678bf5d0280195
中华人民共和国领海及毗连区法	110	法律	综合	1070500	2c909fdd678bf17901678bf5c9fd014f
中华人民共和国缔结条约程序法	110	法律	综合	1072000	2c909fdd678bf17901678bf5c87c0145
中华人民共和国领事特权与豁免条例	110	法律	综合	1073500	2c909fdd678bf17901678bf5c7ce013b
中华人民共和国香港特别行政区基本法	110	法律	综合	1075000	2c909fdd678bf17901678bf5c6680131
全国人民代表大会常务委员会关于批准中央军事委员会《关于授予军队离休干部中国人民解放军功勋荣誉章的规定》的决定	110	法律	综合	1076500	2c909fdd678bf17901678bf5bfbf00d7
中华人民共和国外交特权与豁免条例	110	法律	综合	1078000	2c909fdd678bf17901678bf5b0d600c3
全国人民代表大会常务委员会关于在沿海港口城市设立海事法院的决定	110	法律	交通	1079500	2c909fdd678bf17901678bf5af4e00af
全国人民代表大会常务委员会关于县级以下人民代表大会代表直接选举的若干规定	110	法律	综合	1081000	2c909fdd678bf17901678bf5aeb300a5
中华人民共和国国籍法	110	法律	综合	1082500	2c909fdd678bf17901678bf5aba10073
中华人民共和国海商法	120	法律	商事	1084000	1349e6aadd4947fe83ff811739825d3c
中华人民共和国农村集体经济组织法	120	法律	农业	1085500	ff8081818d6a463901905f2cc2c12d3b
中华人民共和国公司法	120	法律	商事	1087000	ff8081818c9108eb018cb6922f750c07
中华人民共和国期货和衍生品法	120	法律	商事	1088500	ff808181802d2853018044c12f9d070c
中华人民共和国著作权法	120	法律	商事	1090000	ff808081752b7d430175e4766bab1557
中华人民共和国专利法	120	法律	商事	1091500	ff808081752b7d430175e4651cbd1547
中华人民共和国民法典	120	法律	民事	1093000	ff808081729d1efe01729d50b5c500bf
中华人民共和国证券法	120	法律	商事	1094500	ff80808171e9e18101727e32b94d7de6
中华人民共和国商标法	120	法律	商事	1096000	ff8080816f135f46016f217645451b35
中华人民共和国电子签名法	120	法律	综合	1097500	ff8080816f135f46016f2163e4261aa1
中华人民共和国农村土地承包法	120	法律	农业	1099000	ff8080816f135f46016f2104531f1774
中华人民共和国农民专业合作社法	120	法律	综合	1100500	2c909fdd678bf17901678bf88dbe0b13
中华人民共和国招标投标法	120	法律	经济	1102000	2c909fdd678bf17901678bf88f170b31
中华人民共和国商业银行法	120	法律	经济	1103500	2c909fdd678bf17901678bf7eba9086b
中华人民共和国保险法	120	法律	经济	1105000	2c909fdd678bf17901678bf7c4060811
中华人民共和国拍卖法	120	法律	商事	1106500	2c909fdd678bf17901678bf7a44407b7
中华人民共和国证券投资基金法	120	法律	商事	1108000	2c909fdd678bf17901678bf795800799
中华人民共和国消费者权益保护法	120	法律	民事	1109500	2c909fdd678bf17901678bf7670606ef
中华人民共和国涉外民事关系法律适用法	120	法律	综合	1111000	2c909fdd678bf17901678bf714ae05c3
中华人民共和国企业破产法	120	法律	商事	1112500	2c909fdd678bf17901678bf63c7c0343
中华人民共和国合伙企业法	120	法律	商事	1114000	2c909fdd678bf17901678bf63dce034d
中华人民共和国票据法	120	法律	商事	1115500	2c909fdd678bf17901678bf62b2a02df
中华人民共和国信托法	120	法律	商事	1117000	2c909fdd678bf17901678bf60e1d0271
中华人民共和国个人独资企业法	120	法律	商事	1118500	2c909fdd678bf17901678bf609680235
中华人民共和国食品安全法	130	法律	卫生	1120000	7b5a76d0461745a08d3f964916b87ef3
中华人民共和国突发公共卫生事件应对法	130	法律	卫生	1121500	2e9e8cb6a1d1481c8a4170884a74d0d5
中华人民共和国治安管理处罚法	130	法律	综合	1123000	ff80818197af9ccc0197b159c38a0408
中华人民共和国传染病防治法	130	法律	卫生	1124500	ff8081819667441b019686946a752bbd
中华人民共和国学前教育法	130	法律	教育	1126000	ff808181927b083b01930c734c776beb
中华人民共和国文物保护法	130	法律	文化	1127500	ff808181927b083b01930c94de976c66
中华人民共和国国防教育法	130	法律	教育	1129000	ff80818191db55220191eba9396a08f4
中华人民共和国国境卫生检疫法	130	法律	卫生	1130500	ff8081818d6a463901905f1d7ca72d2d
中华人民共和国突发事件应对法	130	法律	综合	1132000	ff8081818d6a424b01905f13edba2efb
中华人民共和国学位法	130	法律	教育	1133500	ff8081818d6a424b018f1a63b49a796a
中华人民共和国保守国家秘密法	130	法律	综合	1135000	ff8081818d6a4464018de9f8ab7511e3
中华人民共和国行政复议法	130	法律	行政	1136500	ff8081818a21e6c3018a508d491a0c98
中华人民共和国预备役人员法	130	法律	综合	1138000	ff80818185567186018561163b860552
中华人民共和国体育法	130	法律	文化	1139500	ff808181818e90e701819485a96c0192
中华人民共和国职业教育法	130	法律	劳动	1141000	ff808181802d2853018044c7370108c6
全国人民代表大会常务委员会关于中国人民解放军现役士兵衔级制度的决定	130	法律	综合	1142500	ff8081817f3acaef017f400516e50556
中华人民共和国科学技术进步法	130	法律	综合	1144000	ff8081817d99a39f017dec555db834da
中华人民共和国兵役法	130	法律	综合	1145500	ff8081817b637904017b63a8db4f001b
中华人民共和国医师法	130	法律	综合	1147000	ff8081817b6450e6017b657ba9500116
中华人民共和国人口与计划生育法	130	法律	综合	1148500	ff8081817ba965c4017bb8921d13077a
中华人民共和国军人地位和权益保障法	130	法律	综合	1150000	ff80818179f5da5e0179f89835a70518
中华人民共和国军事设施保护法	130	法律	综合	1151500	ff80818179f5dd9f0179f8a44bec063e
中华人民共和国教育法	130	法律	教育	1153000	ff8081817ab22b8a017abd777cdc05d8
中华人民共和国海上交通安全法	130	法律	交通	1154500	ff8081817918fa9601792049b58802de
中华人民共和国道路交通安全法	130	法律	交通	1156000	ff8081817ab231eb017abd617ef70519
中华人民共和国消防法	130	法律	安全	1157500	ff8081817ab22e0c017abd909312060a
中华人民共和国海关法	130	法律	经济	1159000	ff8081817ab22b8a017abd719e0f05c0
中华人民共和国反食品浪费法	130	法律	综合	1160500	ff808181791904c60179205ab8cd02cc
中华人民共和国行政处罚法	130	法律	行政	1162000	ff8080817703add20177373df6a43e33
中华人民共和国海警法	130	法律	综合	1163500	ff80808176f4df37017737360133541f
中华人民共和国档案法	130	法律	行政	1165000	ff80808172b5f24f0172e4ef05e218d4
中华人民共和国人民武装警察法	130	法律	综合	1166500	ff80808172b5f6e30172e4f3b6df198d
中华人民共和国基本医疗卫生与健康促进法	130	法律	卫生	1168000	ff80808171e9e18101727e38094d7e07
中华人民共和国密码法	130	法律	文化	1169500	ff8080816f3cbb3c016f5acf6a244210
中华人民共和国药品管理法	130	法律	卫生	1171000	ff8080816f3cbb3c016f46242d6127ed
中华人民共和国疫苗管理法	130	法律	卫生	1172500	ff8080816f135f46016f219a9e101bba
中华人民共和国行政许可法	130	法律	行政	1174000	ff8080816f135f46016f216bf96b1ae6
中华人民共和国义务教育法	130	法律	教育	1175500	ff8080816f135f46016f210efccb17b9
中华人民共和国公务员法	130	法律	行政	1177000	ff8080816f135f46016f20e4396a16fb
中华人民共和国高等教育法	130	法律	教育	1178500	ff8080816f135f46016f20df64ec16c5
中华人民共和国民办教育促进法	130	法律	教育	1180000	ff8080816f135f46016f20fe96881756
中华人民共和国消防救援衔条例	130	法律	安全	1181500	ff8080816f135f46016f1d256fdd13d7
中华人民共和国公共图书馆法	130	法律	综合	1183000	ff8080816f135f46016f1ce917141181
中华人民共和国国家情报法	130	法律	综合	1184500	2c909fdd678bf17901678bf8498d09f1
中华人民共和国精神卫生法	130	法律	卫生	1186000	2c909fdd678bf17901678bf7448a066d
中华人民共和国律师法	130	法律	综合	1187500	2c909fdd678bf17901678bf867e80a55
中华人民共和国公证法	130	法律	综合	1189000	2c909fdd678bf17901678bf8688a0a5f
中华人民共和国核安全法	130	法律	综合	1190500	2c909fdd678bf17901678bf8592a0a19
中华人民共和国中医药法	130	法律	卫生	1192000	2c909fdd678bf17901678bf8382809ab
中华人民共和国公共文化服务保障法	130	法律	文化	1193500	2c909fdd678bf17901678bf8399c09b5
中华人民共和国电影产业促进法	130	法律	文化	1195000	2c909fdd678bf17901678bf829140947
中华人民共和国气象法	130	法律	综合	1196500	2c909fdd678bf17901678bf831d10997
中华人民共和国国防交通法	130	法律	交通	1198000	2c909fdd678bf17901678bf81f340915
中华人民共和国促进科技成果转化法	130	法律	综合	1199500	2c909fdd678bf17901678bf7e3540843
中华人民共和国枪支管理法	130	法律	综合	1201000	2c909fdd678bf17901678bf78e01078f
中华人民共和国人民警察法	130	法律	综合	1202500	2c909fdd678bf17901678bf74cef06a9
中华人民共和国出境入境管理法	130	法律	综合	1204000	2c909fdd678bf17901678bf73ebd064f
中华人民共和国居民身份证法	130	法律	综合	1205500	2c909fdd678bf17901678bf736e30627
中华人民共和国行政强制法	130	法律	行政	1207000	2c909fdd678bf17901678bf72f7a0613
中华人民共和国非物质文化遗产法	130	法律	文化	1208500	2c909fdd678bf17901678bf7172805e1
中华人民共和国国防动员法	130	法律	综合	1210000	2c909fdd678bf17901678bf70aee057d
中华人民共和国驻外外交人员法	130	法律	综合	1211500	2c909fdd678bf17901678bf701330555
中华人民共和国人民防空法	130	法律	综合	1213000	2c909fdd678bf17901678bf6fd390523
中华人民共和国人民警察警衔条例	130	法律	综合	1214500	2c909fdd678bf17901678bf7002b054b
中华人民共和国教师法	130	法律	教育	1216000	2c909fdd678bf17901678bf6c79904fb
中华人民共和国防震减灾法	130	法律	综合	1217500	2c909fdd678bf17901678bf65fce03d9
中华人民共和国禁毒法	130	法律	综合	1219000	2c909fdd678bf17901678bf64d550393
中华人民共和国护照法	130	法律	综合	1220500	2c909fdd678bf17901678bf63ac5032f
中华人民共和国海关关衔条例	130	法律	经济	1222000	2c909fdd678bf17901678bf6154002ad
中华人民共和国现役军官法	130	法律	综合	1223500	2c909fdd678bf17901678bf60c71025d
中华人民共和国献血法	130	法律	综合	1225000	2c909fdd678bf17901678bf5e71801f9
中国人民解放军军官军衔条例	130	法律	综合	1226500	2c909fdd678bf17901678bf5d73701a9
第五届全国人民代表大会常务委员会关于批准《国务院关于老干部离职休养的暂行规定》的决议	130	法律	综合	1228000	2c909fdd678bf17901678bf5ac1c007d
全国人民代表大会常务委员会关于批准《国务院关于安置老弱病残干部的暂行办法》的决议	130	法律	综合	1229500	2c909fdd678bf17901678bf8a66b0b6d
中华人民共和国户口登记条例	130	法律	综合	1231000	2c909fdd678bf17901678bf8a7250b77
中华人民共和国民用航空法	140	法律	交通	1232500	7ee5a369049e412bbd1a96a2fef74abb
中华人民共和国对外贸易法	140	法律	综合	1234000	f99c412df98b4ea396d6709c78703111
中华人民共和国网络安全法	140	法律	文化	1235500	021e7d7684474107b8f3febbb1c4f8b5
中华人民共和国环境保护税法	140	法律	经济	1237000	6bae366fd9f94fbf9450c48a68bfc68a
中华人民共和国反不正当竞争法	140	法律	经济	1238500	ff808181971552b40197b1016efc5437
中华人民共和国民营经济促进法	140	法律	综合	1240000	ff8081819667441b0196867ec42b2b7a
中华人民共和国增值税法	140	法律	经济	1241500	ff808181927b083b0193fd65a0eb02cb
中华人民共和国反洗钱法	140	法律	刑事	1243000	ff808181927b2d1a01930c84b1c96d8b
中华人民共和国统计法	140	法律	经济	1244500	ff808181927b2d1a019289f0860a0405
中华人民共和国会计法	140	法律	经济	1246000	ff8081818d6a46390191686dca9952bf
中华人民共和国关税法	140	法律	经济	1247500	ff8081818f197cf0018f1a72b2c801e0
中华人民共和国农业技术推广法	140	法律	农业	1249000	ff8081818f197cf001905e50cfa1359f
中华人民共和国粮食安全保障法	140	法律	农业	1250500	ff8081818c3ce0ed018cb4fd2ca92ec4
中华人民共和国畜牧法	140	法律	农业	1252000	ff808181841250d10184281982050f7f
中华人民共和国农产品质量安全法	140	法律	经济	1253500	ff80818182cf5d600182fd5d77dd23cf
中华人民共和国反垄断法	140	法律	经济	1255000	ff8081818234ccb501829f46c6ac2a5a
中华人民共和国种子法	140	法律	农业	1256500	ff8081817f072a2e017f0b66fb640166
中华人民共和国审计法	140	法律	经济	1258000	ff8081817d99a43a017dbd2663521c3f
中华人民共和国个人信息保护法	140	法律	文化	1259500	ff8081817b6472a3017b656cc2040044
中华人民共和国印花税法	140	法律	经济	1261000	ff80818179f5da5e0179f890885b0481
中华人民共和国数据安全法	140	法律	文化	1262500	ff80818179f5e0800179f885c7e70392
中华人民共和国海南自由贸易港法	140	法律	综合	1264000	ff80818179f5da5e0179f88beb640406
中华人民共和国乡村振兴促进法	140	法律	综合	1265500	ff80818178efe3620179206d421428ce
中华人民共和国进出口商品检验法	140	法律	综合	1267000	ff8081817ab22b8a017abd7dcaad05ee
中华人民共和国广告法	140	法律	综合	1268500	ff8081817ab231eb017abd6bd860052d
中华人民共和国动物防疫法	140	法律	综合	1270000	ff8080817703add2017737395a973e31
中华人民共和国出口管制法	140	法律	综合	1271500	ff80808175265dd401753fb348ce1266
中华人民共和国城市维护建设税法	140	法律	经济	1273000	ff808081736ba7420173e715adbf36ff
中华人民共和国契税法	140	法律	经济	1274500	ff808081736ba7420173e71ef7563753
中华人民共和国台湾同胞投资保护法	140	法律	综合	1276000	ff80808171e9e18101727e5c40d37fc5
中华人民共和国资源税法	140	法律	经济	1277500	ff8080816f3cbb3c016f4635be1b2873
中华人民共和国城市房地产管理法	140	法律	综合	1279000	ff8080816f3cbb3c016f462c6cc8280c
中华人民共和国城乡规划法	140	法律	综合	1280500	ff8080816f135f46016f216129dd1a92
中华人民共和国车船税法	140	法律	经济	1282000	ff8080816f135f46016f215dc4071a64
中华人民共和国建筑法	140	法律	综合	1283500	ff8080816f135f46016f21740ae61b10
中华人民共和国外商投资法	140	法律	综合	1285000	ff8080816f135f46016f1d5318af145e
中华人民共和国预算法	140	法律	经济	1286500	ff8080816f135f46016f212401b317cc
中华人民共和国企业所得税法	140	法律	经济	1288000	ff8080816f135f46016f2106acd11784
中华人民共和国耕地占用税法	140	法律	经济	1289500	ff8080816f135f46016f213156b61815
中华人民共和国车辆购置税法	140	法律	经济	1291000	ff8080816f135f46016f2147561d18ed
中华人民共和国港口法	140	法律	交通	1292500	ff8080816f135f46016f20dc6d8216b5
中华人民共和国产品质量法	140	法律	经济	1294000	ff8080816f135f46016f1d6dfd7614d3
中华人民共和国电力法	140	法律	综合	1295500	ff8080816f135f46016f1d9b1ffe15aa
中华人民共和国计量法	140	法律	经济	1297000	ff8080816f135f46016f1cf499ff11eb
中华人民共和国旅游法	140	法律	文化	1298500	ff8080816f135f46016f1d08f6da12f6
中华人民共和国船舶吨税法	140	法律	经济	1300000	ff8080816f135f46016f1d0fc5761317
中华人民共和国农业机械化促进法	140	法律	农业	1301500	ff8080816f135f46016f1d002283128d
中华人民共和国个人所得税法	140	法律	经济	1303000	2c909fdd678bf17901678bf724bd0609
中华人民共和国电子商务法	140	法律	综合	1304500	2c909fdd678bf17901678bf8af050b81
中华人民共和国烟叶税法	140	法律	经济	1306000	2c909fdd678bf17901678bf88e4e0b1d
中华人民共和国标准化法	140	法律	综合	1307500	2c909fdd678bf17901678bf876430a91
中华人民共和国公路法	140	法律	交通	1309000	2c909fdd678bf17901678bf88aa10aeb
中华人民共和国中小企业促进法	140	法律	综合	1310500	2c909fdd678bf17901678bf85eba0a23
中华人民共和国测绘法	140	法律	综合	1312000	2c909fdd678bf17901678bf848b309e7
中华人民共和国资产评估法	140	法律	综合	1313500	2c909fdd678bf17901678bf808be08cf
中华人民共和国航道法	140	法律	综合	1315000	2c909fdd678bf17901678bf81e8c090b
中华人民共和国防洪法	140	法律	综合	1316500	2c909fdd678bf17901678bf8122508f7
中华人民共和国邮政法	140	法律	交通	1318000	2c909fdd678bf17901678bf7bb6307f3
中华人民共和国税收征收管理法	140	法律	经济	1319500	2c909fdd678bf17901678bf78cff0785
中华人民共和国铁路法	140	法律	交通	1321000	2c909fdd678bf17901678bf7c2c407fd
中华人民共和国烟草专卖法	140	法律	综合	1322500	2c909fdd678bf17901678bf7c3830807
中华人民共和国政府采购法	140	法律	经济	1324000	2c909fdd678bf17901678bf77e170753
中华人民共和国注册会计师法	140	法律	经济	1325500	2c909fdd678bf17901678bf77d590749
中华人民共和国农业法	140	法律	农业	1327000	2c909fdd678bf17901678bf74e1106bd
中华人民共和国石油天然气管道保护法	140	法律	综合	1328500	2c909fdd678bf17901678bf70e16059b
中华人民共和国进出境动植物检疫法	140	法律	综合	1330000	2c909fdd678bf17901678bf6ab3604e7
中华人民共和国企业国有资产法	140	法律	综合	1331500	2c909fdd678bf17901678bf653fb03c5
中华人民共和国银行业监督管理法	140	法律	经济	1333000	2c909fdd678bf17901678bf6442e0361
中华人民共和国中国人民银行法	140	法律	经济	1334500	2c909fdd678bf17901678bf6200302cb
中华人民共和国价格法	140	法律	经济	1336000	2c909fdd678bf17901678bf5e05801ef
第五届全国人民代表大会常务委员会关于批准《广东省经济特区条例》的决议	140	法律	综合	1337500	2c909fdd678bf17901678bf5aae40069
中华人民共和国社会救助法	150	法律	社会	1339000	016c39ca7739492cab1fe3aef22941c7
中华人民共和国危险化学品安全法	150	法律	安全	1340500	2933e1a00644487bbd43d0960cb01931
中华人民共和国科学技术普及法	150	法律	综合	1342000	ff808181927b083b0193fda4bead02ee
中华人民共和国未成年人保护法	150	法律	社会	1343500	ff8081818f197cf001905e567af635a0
中华人民共和国慈善法	150	法律	社会	1345000	ff8081818d6a4639018df3f1fc7e122d
中华人民共和国无障碍环境建设法	150	法律	环境	1346500	ff80818188d7430b0189018493370940
中华人民共和国妇女权益保障法	150	法律	社会	1348000	ff808181841257210184281512de0eec
中华人民共和国工会法	150	法律	劳动	1349500	ff8081817f072a2e017f0ae1a7f600f0
中华人民共和国家庭教育促进法	150	法律	教育	1351000	ff8081817cac3b2d017cac5a6c6f0109
中华人民共和国法律援助法	150	法律	程序	1352500	ff8081817b6472a3017b6577820f0061
中华人民共和国安全生产法	150	法律	安全	1354000	ff8081817a66b816017a7956b7db0ad4
中华人民共和国预防未成年人犯罪法	150	法律	刑事	1355500	ff80808175265dd40176a88c218f2853
中华人民共和国退役军人保障法	150	法律	社会	1357000	ff80808175265dd40175d58c08410310
中华人民共和国职业病防治法	150	法律	劳动	1358500	ff8080816f135f46016f212ea20a17f8
中华人民共和国社会保险法	150	法律	劳动	1360000	ff8080816f135f46016f210989b9179a
中华人民共和国老年人权益保障法	150	法律	社会	1361500	ff8080816f135f46016f20f4bf851746
中华人民共和国劳动法	150	法律	劳动	1363000	ff8080816f135f46016f20f16ee11737
中华人民共和国残疾人保障法	150	法律	社会	1364500	ff8080816f135f46016f1d134c88132b
中华人民共和国境外非政府组织境内活动管理法	150	法律	综合	1366000	2c909fdd678bf17901678bf88cfe0b09
中华人民共和国母婴保健法	150	法律	综合	1367500	2c909fdd678bf17901678bf8867e0ad7
中华人民共和国红十字会法	150	法律	社会	1369000	2c909fdd678bf17901678bf8464c09c9
中华人民共和国反家庭暴力法	150	法律	综合	1370500	2c909fdd678bf17901678bf7f9d60889
中华人民共和国就业促进法	150	法律	劳动	1372000	2c909fdd678bf17901678bf7b34f07df
中华人民共和国特种设备安全法	150	法律	安全	1373500	2c909fdd678bf17901678bf74ede06c7
中华人民共和国劳动合同法	150	法律	劳动	1375000	2c909fdd678bf17901678bf74d7106b3
中华人民共和国军人保险法	150	法律	经济	1376500	2c909fdd678bf17901678bf73e160645
中华人民共和国归侨侨眷权益保护法	150	法律	综合	1378000	2c909fdd678bf17901678bf67c74043d
中华人民共和国矿山安全法	150	法律	安全	1379500	2c909fdd678bf17901678bf6b19e04f1
中华人民共和国公益事业捐赠法	150	法律	社会	1381000	2c909fdd678bf17901678bf608a7022b
第五届全国人民代表大会常务委员会关于批准《国务院关于职工探亲待遇的规定》的决议	150	法律	劳动	1382500	2c909fdd678bf17901678bf5acd40087
全国人民代表大会常务委员会关于批准《国务院关于工人退休、退职的暂行办法》的决议	150	法律	劳动	1384000	2c909fdd678bf17901678bf5a6740055
中华人民共和国生态环境法典	155	法律	环境	1385500	96630961659b4d87a65b7b1c595097fa
中华人民共和国渔业法	155	法律	农业	1387000	e29e88f12bc041d48b8b9086c4a4ece7
中华人民共和国原子能法	155	法律	综合	1388500	3a4ff88b7cdb45a28f72e7bf5d54e512
中华人民共和国国家公园法	155	法律	综合	1390000	f3f7217464834db5b5d4f563f40c6dec
中华人民共和国矿产资源法	155	法律	环境	1391500	ff808181927b2d1a01930c4a79406d06
中华人民共和国能源法	155	法律	环境	1393000	ff808181927b2d1a01930b1c6f646c26
中华人民共和国生物安全法	155	法律	综合	1394500	ff8081818d6a424b01905e5e6b702e66
中华人民共和国青藏高原生态保护法	155	法律	环境	1396000	ff808181865ee3360187bdb3430e764c
中华人民共和国野生动物保护法	155	法律	环境	1397500	ff80818185567186018562ddd6a70690
中华人民共和国黄河保护法	155	法律	综合	1399000	ff808181841257210184280f88620ee0
中华人民共和国黑土地保护法	155	法律	农业	1400500	ff808181818e90e70181947372d60184
中华人民共和国湿地保护法	155	法律	环境	1402000	ff8081817d99a651017deb6fd24533af
中华人民共和国草原法	155	法律	环境	1403500	ff8081817ab22b8a017abd5ad286057a
中华人民共和国长江保护法	155	法律	综合	1405000	ff80808175265dd40176a89126662863
中华人民共和国森林法	155	法律	环境	1406500	ff80808171e9e18101727e5543627f52
中华人民共和国土地管理法	155	法律	农业	1408000	ff8080816f3cbb3c016f4626903427fc
中华人民共和国节约能源法	155	法律	环境	1409500	ff8080816f135f46016f1cfbf44a1258
中华人民共和国循环经济促进法	155	法律	综合	1411000	ff8080816f135f46016f1d06082912c2
中华人民共和国防沙治沙法	155	法律	综合	1412500	ff8080816f135f46016f1cece2851197
中华人民共和国煤炭法	155	法律	综合	1414000	2c909fdd678bf17901678bf8313d098d
中华人民共和国水法	155	法律	环境	1415500	2c909fdd678bf17901678bf8112508ed
中华人民共和国深海海底区域资源勘探开发法	155	法律	环境	1417000	2c909fdd678bf17901678bf8021508bb
中华人民共和国水土保持法	155	法律	综合	1418500	2c909fdd678bf17901678bf7163c05d7
中华人民共和国可再生能源法	155	法律	环境	1420000	2c909fdd678bf17901678bf708a60573
中华人民共和国海岛保护法	155	法律	综合	1421500	2c909fdd678bf17901678bf707d50569
中华人民共和国海域使用管理法	155	法律	综合	1423000	2c909fdd678bf17901678bf613e30299
中华人民共和国反间谍法	160	法律	综合	1424500	ff80818187aa32f90187bd2e440b052a
中华人民共和国反电信网络诈骗法	160	法律	文化	1426000	ff80818182cf5c220182fd54401023d6
中华人民共和国反有组织犯罪法	160	法律	刑事	1427500	ff8081817dea9c18017deb6ee3650128
中华人民共和国刑法	160	法律	刑事	1429000	ff808181796a636a0179822a19640c92
中华人民共和国社区矫正法	160	法律	社会	1430500	ff80808171e9e18101727e4443b37e86
中华人民共和国反恐怖主义法	160	法律	刑事	1432000	2c909fdd678bf17901678bf7f30a087f
中华人民共和国监狱法	160	法律	综合	1433500	2c909fdd678bf17901678bf745870677
全国人民代表大会常务委员会关于惩治骗购外汇、逃汇和非法买卖外汇犯罪的决定	160	法律	刑事	1435000	2c909fdd678bf17901678bf683480451
中华人民共和国仲裁法	170	法律	程序	1436500	58d7569a322b4eca9b22feaa4f5d7d4f
中华人民共和国民事诉讼法	170	法律	程序	1438000	ff8081818a21dc13018b425303b7086d
中华人民共和国刑事诉讼法	170	法律	刑事	1439500	ff8080816f135f46016f1d1b81b01351
中华人民共和国国际刑事司法协助法	170	法律	刑事	1441000	ff8080816f135f46016f1d44e17e1415
中华人民共和国行政诉讼法	170	法律	程序	1442500	2c909fdd678bf17901678bf858550a0f
中华人民共和国人民调解法	170	法律	程序	1444000	2c909fdd678bf17901678bf7105c05af
中华人民共和国农村土地承包经营纠纷调解仲裁法	170	法律	程序	1445500	2c909fdd678bf17901678bf6726303f7
中华人民共和国劳动争议调解仲裁法	170	法律	劳动	1447000	2c909fdd678bf17901678bf64f28039d
中华人民共和国引渡法	170	法律	综合	1448500	2c909fdd678bf17901678bf60bd90253
中华人民共和国海事诉讼特别程序法	170	法律	程序	1450000	2c909fdd678bf17901678bf60a1b023f
全国人民代表大会常务委员会关于《中华人民共和国刑事诉讼法》第二百九十二条的解释	180	法律解释	刑事	1400000	f5c0f45b8612471888602e357e67b407
全国人民代表大会常务委员会关于《中华人民共和国香港特别行政区维护国家安全法》第十四条和第四十七条的解释	180	法律解释	综合	1401500	ff808181855675b3018562fae41706b0
全国人民代表大会常务委员会关于《中华人民共和国香港特别行政区基本法》第一百零四条的解释	180	法律解释	综合	1403000	2c909fdd678bf17901678bf8d9570c85
全国人民代表大会常务委员会关于《中华人民共和国刑法》第三十条的解释	180	法律解释	刑事	1404500	2c909fdd678bf17901678bf8d2cb0c35
全国人民代表大会常务委员会关于《中华人民共和国刑法》第一百五十八条、第一百五十九条的解释	180	法律解释	刑事	1406000	2c909fdd678bf17901678bf8d3620c3f
全国人民代表大会常务委员会关于《中华人民共和国刑法》第三百四十一条、第三百一十二条的解释	180	法律解释	刑事	1407500	2c909fdd678bf17901678bf8d4350c53
全国人民代表大会常务委员会关于《中华人民共和国刑法》第二百六十六条的解释	180	法律解释	刑事	1409000	2c909fdd678bf17901678bf8d3b60c49
全国人民代表大会常务委员会关于《中华人民共和国刑事诉讼法》第二百七十一条第二款的解释	180	法律解释	刑事	1410500	2c909fdd678bf17901678bf8d4f50c67
全国人民代表大会常务委员会关于《中华人民共和国刑事诉讼法》第七十九条第三款的解释	180	法律解释	刑事	1412000	2c909fdd678bf17901678bf8d4940c5d
全国人民代表大会常务委员会关于《中华人民共和国刑事诉讼法》第二百五十四条第五款、第二百五十七条第二款的解释	180	法律解释	刑事	1413500	2c909fdd678bf17901678bf8d53b0c71
全国人民代表大会常务委员会关于《中华人民共和国澳门特别行政区基本法》附件一第七条和附件二第三条的解释	180	法律解释	综合	1415000	2c909fdd678bf17901678bf8d2890c2b
全国人民代表大会常务委员会关于《中华人民共和国香港特别行政区基本法》第十三条第一款和第十九条的解释	180	法律解释	综合	1416500	2c909fdd678bf17901678bf8d2190c21
全国人民代表大会常务委员会关于《中华人民共和国刑法》第九十三条第二款的解释	180	法律解释	刑事	1418000	2c909fdd678bf17901678bf8d1780c0d
全国人民代表大会常务委员会关于《中华人民共和国刑法》第二百二十八条、第三百四十二条、第四百一十条的解释	180	法律解释	刑事	1419500	2c909fdd678bf17901678bf8d1c90c17
全国人民代表大会常务委员会关于《中华人民共和国刑法》有关文物的规定适用于具有科学价值的古脊椎动物化石、古人类化石的解释	180	法律解释	刑事	1421000	2c909fdd678bf17901678bf8cd440bef
全国人民代表大会常务委员会关于《中华人民共和国刑法》有关出口退税、抵扣税款的其他发票规定的解释	180	法律解释	刑事	1422500	2c909fdd678bf17901678bf8d0550bf9
全国人民代表大会常务委员会关于《中华人民共和国香港特别行政区基本法》第五十三条第二款的解释	180	法律解释	综合	1424000	2c909fdd678bf17901678bf8ccec0be5
全国人民代表大会常务委员会关于《中华人民共和国刑法》有关信用卡规定的解释	180	法律解释	刑事	1425500	2c909fdd678bf17901678bf8d12a0c03
全国人民代表大会常务委员会关于《中华人民共和国刑法》第九章渎职罪主体适用问题的解释	180	法律解释	刑事	1427000	2c909fdd678bf17901678bf8cc3f0bd1
全国人民代表大会常务委员会关于《中华人民共和国刑法》第三百一十三条的解释	180	法律解释	刑事	1428500	2c909fdd678bf17901678bf8cbd90bc7
全国人民代表大会常务委员会关于《中华人民共和国刑法》第三百八十四条第一款的解释	180	法律解释	刑事	1430000	2c909fdd678bf17901678bf8cb940bbd
全国人民代表大会常务委员会关于《中华人民共和国刑法》第二百九十四条第一款的解释	180	法律解释	刑事	1431500	2c909fdd678bf17901678bf8cb2f0bb3
全国人民代表大会常务委员会关于《中华人民共和国香港特别行政区基本法》第二十二条第四款和第二十四条第二款第（三）项的解释	180	法律解释	综合	1433000	2c909fdd678bf17901678bf8c4b60ba9
全国人民代表大会常务委员会关于《中华人民共和国国籍法》在澳门特别行政区实施的几个问题的解释	180	法律解释	综合	1434500	2c909fdd678bf17901678bf8c38f0b9f
全国人民代表大会常务委员会关于《中华人民共和国国籍法》在香港特别行政区实施的几个问题的解释	180	法律解释	综合	1436000	2c909fdd678bf17901678bf8be160b95
住房公积金管理条例	210	行政法规	综合	2000000	ff8081819ff54a6401a01df735565134
快递暂行条例	210	行政法规	交通	2001500	ff8081819ff54ab801a0ae8a46022cf8
全国污染源普查条例	210	行政法规	环境	2003000	ff8081819ff54ab801a0ae8cb4462d0e
中华人民共和国进出口商品检验法实施条例	210	行政法规	综合	2004500	ff8081819ff54ab801a0ae8f89192d28
黄河水量调度条例	210	行政法规	综合	2006000	ff8081819ff541ea01a0ae87ec833d1c
消耗臭氧层物质管理条例	210	行政法规	综合	2007500	ff8081819ff541ea01a0ae8ea0603d55
民用建筑节能条例	210	行政法规	环境	2009000	ff8081819ff541ea01a0ae8b0cef3d39
碳排放权交易管理暂行条例	210	行政法规	综合	2010500	ff8081819ff54a6401a0ae8df6842641
病原微生物实验室生物安全管理条例	210	行政法规	综合	2012000	ff8081819ff54a6401a0ae82b53a25a6
地下水管理条例	210	行政法规	综合	2013500	ff8081819ff54ab801a0ae861e042cd0
城镇排水与污水处理条例	210	行政法规	综合	2015000	ff8081819ff541ea01a0ae8472293d0a
南水北调工程供用水管理条例	210	行政法规	综合	2016500	ff8081819ff54a6401a0ae8bd2772622
生态环境监测条例	210	行政法规	环境	2018000	ff8081819ff54a6401a0ae8d4d292634
国务院关于出境入境管理的规定	210	行政法规	综合	2019500	ff8081819fad3f6e019fd114c3ea1aa9
退役军人就业创业促进条例	210	行政法规	劳动	2021000	ff8081819f12cdb7019f20e2bce8514c
行政法规制定程序条例	210	行政法规	综合	2022500	ff8081819e20a843019e3ef37f7d692e
中华人民共和国矿产资源法实施条例	210	行政法规	环境	2024000	ff8081819e48b44c019ef8a2eb573b4e
国务院关于对外投资的规定	210	行政法规	综合	2025500	ff8081819e48b44c019ea630c09a5d9b
中华人民共和国行政复议法实施条例	210	行政法规	行政	2027000	ff8081819dfcb526019e0ac7ce234ece
中华人民共和国反外国不当域外管辖条例	210	行政法规	程序	2028500	ff8081819cf9f396019d89be423b53a2
国务院关于产业链供应链安全的规定	210	行政法规	综合	2030000	ff8081819e48b493019ef8abe4021c0c
全国农业普查条例	210	行政法规	农业	2031500	ff8081819cf9f396019d2d4364a20646
社会团体登记管理条例	210	行政法规	商事	2033000	ff8081819cf9f588019d0933d6a259ef
供水条例	210	行政法规	综合	2034500	ff8081819c46f9bb019c938759470be9
中华人民共和国自然保护区条例	210	行政法规	综合	2036000	ff8081819c230fa1019c4551f8c8511b
中华人民共和国道路运输条例	210	行政法规	交通	2037500	ff8081819ff54ab801a0ae6d55d22b6e
中华人民共和国注册建筑师条例	210	行政法规	综合	2039000	ff8081819ff541ea01a0ae6f2e813c14
中华人民共和国标准化法实施条例	210	行政法规	综合	2040500	ff8081819ff54ab801a0ae6c81b32b4a
中华人民共和国河道管理条例	210	行政法规	综合	2042000	ff8081819ff54a6401a0ae6e3d322483
风景名胜区条例	210	行政法规	综合	2043500	ff8081819ff54ab801a0ae67585e2a9c
城市绿化条例	210	行政法规	综合	2045000	ff8081819ff541ea01a0ae6370e43ad3
森林病虫害防治条例	210	行政法规	环境	2046500	ff8081819ff54a6401a0ae6830f323b0
水库大坝安全管理条例	210	行政法规	综合	2048000	ff8081819ff541ea01a0ae69be803b79
植物检疫条例	210	行政法规	综合	2049500	ff8081819ff54ab801a0ae6a736b2ae6
中华人民共和国药品管理法实施条例	210	行政法规	卫生	2051000	ff8081819c230ff2019c2b63faec40bf
商事调解条例	210	行政法规	程序	2052500	ff8081819b697220019bc0a660456b4e
中华人民共和国增值税法实施条例	210	行政法规	经济	2054000	ff8081819b697220019bc0aa9f146bf4
行政执法监督条例	210	行政法规	综合	2055500	ff8081819b697249019bc0b370d50de0
殡葬管理条例	210	行政法规	社会	2057000	ff8081819b697220019bc0af1cff6c9c
全民阅读促进条例	210	行政法规	综合	2058500	ff8081819aedd63e019b3015d4c05626
森林草原防灭火条例	210	行政法规	环境	2060000	ff8081819c230fa1019c455847f251c9
对外使用国徽图案的办法	210	行政法规	综合	2061500	ff8081819a7c996b019a9b424b9a6b92
密云水库水源保护条例	210	行政法规	综合	2063000	ff80818199e72aa4019a2a0237d51a76
生物医学新技术临床研究和临床转化应用管理条例	210	行政法规	综合	2064500	ff808181999a5e270199db3053706a04
中华人民共和国国际海运条例	210	行政法规	综合	2066000	ff808181999a5e270199db1c68bd6953
军用土地管理条例	210	行政法规	农业	2067500	ff80818199855c3201998efc275f0f98
外国驻华外交领事机构中国籍雇员管理条例	210	行政法规	综合	2069000	ff80818199614c1a019975a5e05632d7
中华人民共和国外国人入境出境管理条例	210	行政法规	综合	2070500	ff80818199614db0019975a126dd3125
农村公路条例	210	行政法规	交通	2072000	ff808181983199e801983bb37e1e4157
住房租赁条例	210	行政法规	综合	2073500	ff808181983198da01983f9ff1be5b2c
蓄滞洪区运用补偿办法	210	行政法规	综合	2075000	ff808181971b86bf0197ca572e8d3696
互联网平台企业涉税信息报送规定	210	行政法规	经济	2076500	ff808181971b86bf0197a61d2a06193a
政务数据共享条例	210	行政法规	文化	2078000	ff808181971b86bf019762f8ffd5005e
重要军工设施保护条例	210	行政法规	综合	2079500	ff808181971b86bf0197353476d54a84
中华人民共和国植物新品种保护条例	210	行政法规	综合	2081000	ff808181971b86bf0197ca7d3a3a3774
婚姻登记条例	210	行政法规	民事	2082500	ff808181927f12760196429801fb66cf
中国人民解放军实施《中华人民共和国药品管理法》办法	210	行政法规	卫生	2084000	ff808181927f1276019643173f20705f
实施《中华人民共和国反外国制裁法》的规定	210	行政法规	综合	2085500	ff808181927f1276019610ff1af90a55
保障中小企业款项支付条例	210	行政法规	综合	2087000	ff808181927f1276019610f4dde60a27
国务院关于涉外知识产权纠纷处理的规定	210	行政法规	综合	2088500	ff808181927f1276019610edc3930a02
古树名木保护条例	210	行政法规	综合	2090000	ff808181927f0e7b0194df911b13227e
公共安全视频图像信息系统管理条例	210	行政法规	文化	2091500	ff808181927f127601960f9a6e1305fb
国务院关于规范中介机构为公司公开发行股票提供服务的规定	210	行政法规	商事	2093000	ff808181927f093101948c99764b2827
医疗器械监督管理条例	210	行政法规	卫生	2094500	ff8081819c230fa1019c2d0fcc6b4b27
出版管理条例	210	行政法规	文化	2096000	ff8081819c230ed9019c2d0fc9324c13
放射性药品管理办法	210	行政法规	卫生	2097500	ff8081819c230ff2019c2d0fca056411
地震监测管理条例	210	行政法规	综合	2099000	ff8081819c230ff2019c2d0fc8eb6401
互联网信息服务管理办法	210	行政法规	文化	2100500	ff8081819c230fa1019c2d0fca0b4b0a
民用航空运输不定期飞行管理暂行规定	210	行政法规	交通	2102000	ff8081819c230ff2019c2d0fcbcc642b
使用有毒物品作业场所劳动保护条例	210	行政法规	劳动	2103500	ff8081819c230ff2019c2d0fcc20642c
外国民用航空器飞行管理规则	210	行政法规	交通	2105000	ff8081819c230ed9019c2d0fcce24c30
音像制品管理条例	210	行政法规	综合	2106500	ff8081819c230ed9019c2d0fcd4e4c37
外国人在中华人民共和国收养子女登记办法	210	行政法规	民事	2108000	ff8081819c230ed9019c2d0fcb594c23
广播电视管理条例	210	行政法规	文化	2109500	ff8081819c230fa1019c2d0fc9164af9
公共场所卫生管理条例	210	行政法规	卫生	2111000	ff8081819c230fa1019c2d0fc9a24afe
麻醉药品和精神药品管理条例	210	行政法规	卫生	2112500	ff8081819c230ff2019c2d0fcaed641d
互联网上网服务营业场所管理条例	210	行政法规	文化	2114000	ff8081819c230ed9019c2d0fca2e4c1e
中华人民共和国企业所得税法实施条例	210	行政法规	经济	2115500	ff8081819c230ff2019c2d0fcd4a6436
印刷业管理条例	210	行政法规	综合	2117000	ff8081819c230ed9019c2d0fcda74c3a
印铸刻字业暂行管理规则	210	行政法规	综合	2118500	ff808181966737700196a98c5d5a338b
外国律师事务所驻华代表机构管理条例	210	行政法规	综合	2120000	ff8081819c230ff2019c2d0fccc8642f
全国年节及纪念日放假办法	210	行政法规	综合	2121500	ff808181927f093101936cf526f26156
国家自然科学基金条例	210	行政法规	经济	2123000	ff808181927f0e7b0193708e45673d8a
城市公共交通条例	210	行政法规	交通	2124500	ff808181927f09310192c2ec90a67250
中华人民共和国两用物项出口管制条例	210	行政法规	综合	2126000	ff808181927f0e7b019294a6bf08358f
烈士褒扬条例	210	行政法规	综合	2127500	ff808181927f0e7b0192949ff642357d
网络数据安全管理条例	210	行政法规	文化	2129000	ff808181927f0e7b0192949a1da4355d
法规规章备案审查条例	210	行政法规	综合	2130500	ff80818191d616940191e0972b4c26dc
军人抚恤优待条例	210	行政法规	综合	2132000	ff8081819150415e0191735242606e87
退役军人安置条例	210	行政法规	社会	2133500	ff8081819150458d019172e46a6e57be
中华人民共和国保守国家秘密法实施条例	210	行政法规	综合	2135000	ff808181907351a50190d83de7486141
国务院关于实施《中华人民共和国公司法》注册资本登记管理制度的规定	210	行政法规	商事	2136500	ff808181907350630190dd6d975c6c01
稀土管理条例	210	行政法规	综合	2138000	ff80818190734f1d0190e364c9aa79b5
公平竞争审查条例	210	行政法规	综合	2139500	ff8081819014e99a019025b8cdd249fd
国家科学技术奖励条例	210	行政法规	综合	2141000	ff8081818fe2c502019010cdecc23c6f
国有企业管理人员处分条例	210	行政法规	综合	2142500	ff8081818fe2c502019010c856d73c47
国际邮轮在中华人民共和国港口靠港补给的规定	210	行政法规	交通	2144000	ff808181900f8e94019010bc03260890
生态保护补偿条例	210	行政法规	环境	2145500	ff808181900f8e94019010b54dbe0865
中华人民共和国消费者权益保护法实施条例	210	行政法规	民事	2147000	ff808181927f09310192c2f4cd777281
中华人民共和国货物进出口管理条例	210	行政法规	综合	2148500	ff8081819c46f9bb019cd19182d36cdd
中华人民共和国人类遗传资源管理条例	210	行政法规	环境	2150000	ff8081819c46fcc5019cd19263155766
外国企业常驻代表机构登记管理条例	210	行政法规	商事	2151500	ff8081819c46fdc3019cd19068731f64
不动产登记暂行条例	210	行政法规	综合	2153000	ff8081819c46fdc3019cd18cd0a71cd0
中华人民共和国计算机信息网络国际联网管理暂行规定	210	行政法规	文化	2154500	ff8081819c46f9bb019cd191fb1f6d05
教学成果奖励条例	210	行政法规	综合	2156000	ff8081819c46fcc5019cd18efa2d54e1
企业信息公示暂行条例	210	行政法规	文化	2157500	ff8081819c46fcc5019cd18fc6e9557d
节约用水条例	210	行政法规	综合	2159000	ff8081818e750aac018ee15ec3cb5763
煤矿安全生产条例	210	行政法规	安全	2160500	ff8081818d736ac1018dcfa3fda42e0d
国务院关于经营者集中申报标准的规定	210	行政法规	综合	2162000	ff8081818d736e08018dcf8f960f054d
中国人民银行货币政策委员会条例	210	行政法规	经济	2163500	ff8081819c46fcc5019cd1685de03b50
中华人民共和国档案法实施条例	210	行政法规	行政	2165000	ff8081818d736e08018dcf85118904b2
中华人民共和国专利法实施细则	210	行政法规	商事	2166500	ff8081818d736dae018dc5182f306c14
非银行支付机构监督管理条例	210	行政法规	经济	2168000	ff8081818c24df58018c8d185c8f657a
人体器官捐献和移植条例	210	行政法规	综合	2169500	ff8081818c24df58018c8d0fb82e6563
未成年人网络保护条例	210	行政法规	社会	2171000	ff8081818c24e05b018c8d0817b31915
社会保险经办条例	210	行政法规	劳动	2172500	ff8081818a1cb709018a6dbc91b6301d
中华人民共和国母婴保健法实施办法	210	行政法规	综合	2174000	ff8081818a1cb546018a6e3759cd6d5c
废旧金属收购业治安管理办法	210	行政法规	综合	2175500	ff8081818a22132f018a6fb9a8252e04
海洋观测预报管理条例	210	行政法规	环境	2177000	ff8081818a1cb546018a6e3495ce6d4a
国内水路运输管理条例	210	行政法规	交通	2178500	ff8081818a1cb709018a6e34645c3219
中华人民共和国认证认可条例	210	行政法规	综合	2180000	ff8081818a22132f018a6e37a7b6231d
中华人民共和国工业产品生产许可证管理条例	210	行政法规	综合	2181500	ff8081818a22132f018a6e367561230c
中华人民共和国烟草专卖法实施条例	210	行政法规	综合	2183000	ff8081818a22132f018a6e37e7092325
中华人民共和国发票管理办法	210	行政法规	综合	2184500	ff8081818a1cb546018a6e362a746d5a
中华人民共和国船员条例	210	行政法规	综合	2186000	ff8081818a22132f018a6e3598eb2301
证券公司风险处置条例	210	行政法规	商事	2187500	ff8081818a1cb709018a6e34fa9b321b
中国公民收养子女登记办法	210	行政法规	民事	2189000	ff8081818a22132f018a6e356a9122ff
长江河道采砂管理条例	210	行政法规	综合	2190500	ff8081818a22132f018a6e34c3f922f4
中华人民共和国领事保护与协助条例	210	行政法规	综合	2192000	ff8081818a1cb709018a6dae46fc2fb1
私募投资基金监督管理条例	210	行政法规	经济	2193500	ff80818188c8b06b01898afbf07b6a96
无人驾驶航空器飞行管理暂行条例	210	行政法规	交通	2195000	ff80818188c8b06b01897c76756c43e9
商用密码管理条例	210	行政法规	文化	2196500	ff80818188d322d501897c5815c326cd
征兵工作条例	210	行政法规	综合	2198000	ff80818187c29b5001882d6f1b1a4508
中国人民解放军文职人员条例	210	行政法规	综合	2199500	ff808181857bca5e01859ee5a6c06d62
缔结条约管理办法	210	行政法规	综合	2201000	ff808181844232f7018576e428bd60b5
促进个体工商户发展条例	210	行政法规	综合	2202500	ff808181844232f7018576dc2a6c609c
地名管理条例	210	行政法规	综合	2204000	ff8081817fd9834101805a3581e56820
保安服务管理条例	210	行政法规	综合	2205500	ff80818180e0a44101811e02f73c12bf
中华人民共和国海关行政处罚实施条例	210	行政法规	行政	2207000	ff80818180e0a61301811e43f41f1fa2
医疗机构管理条例	210	行政法规	卫生	2208500	ff80818180e0a61301811e33ace71ef2
中华人民共和国海关统计条例	210	行政法规	经济	2210000	ff80818180e0a61301811e3e6c391f6f
外商投资电信企业管理规定	210	行政法规	文化	2211500	ff80818180e0a44101811e3049ca1401
中华人民共和国海关稽查条例	210	行政法规	经济	2213000	ff80818180e0a61301811e3c59d51f3e
农药管理条例	210	行政法规	农业	2214500	ff80818180e0a61301811e288e1b1eab
中华人民共和国计量法实施细则	210	行政法规	经济	2216000	ff80818180e0a44101811e45c0ec14ba
旅馆业治安管理办法	210	行政法规	综合	2217500	ff80818180e0a61301811e2624a51e9a
中华人民共和国水下文物保护管理条例	210	行政法规	文化	2219000	ff8081817fd9834101805a41c57c7214
证券期货行政执法当事人承诺制度实施办法	210	行政法规	商事	2220500	ff8081817dc68a44017dda7d114d1fcb
关键信息基础设施安全保护条例	210	行政法规	文化	2222000	ff8081817b63b935017b7bcc49877e0b
中华人民共和国市场主体登记管理条例	210	行政法规	商事	2223500	ff8081817b63b679017b7b2085953607
建设工程抗震管理条例	210	行政法规	安全	2225000	ff8081817b63b935017b7bd9a46035fc
中华人民共和国土地管理法实施条例	210	行政法规	农业	2226500	ff8081817b63b895017b7b071b6843c0
生猪屠宰管理条例	210	行政法规	综合	2228000	ff8081817b63b935017b7af032287969
中华人民共和国民办教育促进法实施条例	210	行政法规	教育	2229500	ff8081817b63b935017b7b0063c179b3
粮食流通管理条例	210	行政法规	农业	2231000	ff8081817b63b935017b7adce91678cf
行政事业性国有资产管理条例	210	行政法规	综合	2232500	ff8081817b63b895017b7bd277f40024
防范和处置非法集资条例	210	行政法规	综合	2234000	ff808081777d07c50177b8d8670038d4
排污许可管理条例	210	行政法规	综合	2235500	ff808081777d07c50177b8ffc4f43a66
医疗保障基金使用监督管理条例	210	行政法规	经济	2237000	ff808081777d07c50177be8941b04084
企业名称登记管理规定	210	行政法规	商事	2238500	ff808081777d0c94017784da4aa50a73
政府督查工作条例	210	行政法规	综合	2240000	ff808081777d07c50177853023f40b05
国有资产评估管理办法	210	行政法规	综合	2241500	ff808081777d07c50177b8e6c12d3942
中华人民共和国渔业法实施细则	210	行政法规	农业	2243000	ff808081777d07c50177b8d5366638be
外债统计监测暂行规定	210	行政法规	经济	2244500	ff808081777d07c50177b849720f2c70
农业化学物质产品行政保护条例	210	行政法规	农业	2246000	ff808081777d0c940177b8ffcb1c3843
中华人民共和国民用航空器国籍登记条例	210	行政法规	交通	2247500	ff808081777d0c940177b8cec2df369c
中华人民共和国国家金库条例	210	行政法规	综合	2249000	ff808081777d07c50177b8c64d7d3822
娱乐场所管理条例	210	行政法规	文化	2250500	ff808081777d07c50177b8bcef5c37d5
中华人民共和国城镇国有土地使用权出让和转让暂行条例	210	行政法规	农业	2252000	ff808081777d0c940177b8c2f598365d
实施国际著作权条约的规定	210	行政法规	商事	2253500	ff808081777d0c940177b90b38413874
旅行社条例	210	行政法规	综合	2255000	ff808081777d07c50177b8f4d125399e
中华人民共和国技术进出口管理条例	210	行政法规	综合	2256500	ff808081777d07c50177b8c87de4382b
关于外商参与打捞中国沿海水域沉船沉物管理办法	210	行政法规	综合	2258000	ff808081777d07c50177b8dc9dfa38f0
营业性演出管理条例	210	行政法规	综合	2259500	ff808081777d07c50177b856f6152caf
中华人民共和国台湾同胞投资保护法实施细则	210	行政法规	综合	2261000	ff808081777d0c940177b8d3aaa736c2
城市房地产开发经营管理条例	210	行政法规	综合	2262500	ff808081777d0c940177b849e10d2bd1
行政执法机关移送涉嫌犯罪案件的规定	210	行政法规	刑事	2264000	ff80808176d5d4d80176d712c03403e2
中华人民共和国预算法实施条例	210	行政法规	经济	2265500	ff80808176d5cbce0176d73e21ac03db
化妆品监督管理条例	210	行政法规	综合	2267000	ff80808176d5cbce0176d73cd2ea03ce
人工影响天气管理条例	210	行政法规	综合	2268500	ff808081777d0c940177b90989053871
护士条例	210	行政法规	综合	2270000	ff808081777d07c50177b8ed29bf3950
兽药管理条例	210	行政法规	农业	2271500	ff808081777d07c50177b80b86032a90
农作物病虫害防治条例	210	行政法规	综合	2273000	ff80808176d7507c0176d7645b6e0041
保障农民工工资支付条例	210	行政法规	劳动	2274500	ff808081774c7a3d01776c41674315b2
中华人民共和国外商投资法实施条例	210	行政法规	综合	2276000	ff808081774c7a3d01776c5280141612
优化营商环境条例	210	行政法规	环境	2277500	ff8080816f3cbb3c016f4147c4821ff1
中华人民共和国食品安全法实施条例	210	行政法规	卫生	2279000	ff8080816f3cbb3c016f40db64700798
中华人民共和国外资保险公司管理条例	210	行政法规	商事	2280500	ff808081777d07c50177bea5241140d6
中华人民共和国外资银行管理条例	210	行政法规	商事	2282000	ff808081777d0c940177beac6d5a3f21
国务院关于在线政务服务的若干规定	210	行政法规	综合	2283500	ff8080816f3cbb3c016f41468ce81fb8
建设工程质量管理条例	210	行政法规	经济	2285000	ff8080816f3cbb3c016f410b40e11333
报废机动车回收管理办法	210	行政法规	综合	2286500	ff8080816f3cbb3c016f4145ebb31f9a
重大行政决策程序暂行条例	210	行政法规	综合	2288000	ff8080816f3cbb3c016f414513241f87
政府投资条例	210	行政法规	综合	2289500	ff8080816f3cbb3c016f414441141f6a
中华人民共和国政府信息公开条例	210	行政法规	行政	2291000	ff8080816f3e98bd016f41f2862e0211
城市道路管理条例	210	行政法规	交通	2292500	ff8080816f3cbb3c016f404e970c02d9
社会保险费征缴暂行条例	210	行政法规	劳动	2294000	ff8080816f3cbb3c016f40f97d360f29
地震安全性评价管理条例	210	行政法规	综合	2295500	ff8080816f3cbb3c016f412c7a611b2c
社会救助暂行办法	210	行政法规	社会	2297000	ff8080816f3cbb3c016f4124babf19bb
中华人民共和国渔港水域交通安全管理条例	210	行政法规	交通	2298500	ff8080816f3cbb3c016f40341709017d
电力供应与使用条例	210	行政法规	综合	2300000	ff8080816f3e9784016f42018fe90282
中华人民共和国车船税法实施条例	210	行政法规	经济	2301500	ff8080816f3cbb3c016f41085bb51282
中华人民共和国进出口货物原产地条例	210	行政法规	综合	2303000	ff8080816f3cbb3c016f4102c82a1146
农业机械安全监督管理条例	210	行政法规	农业	2304500	ff8080816f3cbb3c016f40e172b208f8
中华人民共和国濒危野生动植物进出口管理条例	210	行政法规	综合	2306000	ff8080816f3cbb3c016f4135f8461d3a
企业国有资产监督管理暂行条例	210	行政法规	综合	2307500	ff8080816f3cbb3c016f40d9ff6b0741
中华人民共和国国境卫生检疫法实施细则	210	行政法规	卫生	2309000	ff8080816f3cbb3c016f415bd1da233f
艾滋病防治条例	210	行政法规	综合	2310500	ff8080816f3cbb3c016f413190bd1c38
中华人民共和国招标投标法实施条例	210	行政法规	经济	2312000	ff8080816f3cbb3c016f410aac441307
血吸虫病防治条例	210	行政法规	综合	2313500	ff8080816f3cbb3c016f413533ef1d13
法规汇编编辑出版管理规定	210	行政法规	文化	2315000	ff8080816f3e98bd016f424614cf0439
国际航行船舶进出中华人民共和国口岸检查办法	210	行政法规	交通	2316500	ff8080816f3cbb3c016f413f5fa91eb8
民用机场管理条例	210	行政法规	综合	2318000	ff8080816f3cbb3c016f409bcdcb0552
缺陷汽车产品召回管理条例	210	行政法规	综合	2319500	ff8080816f3cbb3c016f41171ee3167f
中华人民共和国船舶和海上设施检验条例	210	行政法规	交通	2321000	ff8080816f3cbb3c016f40fb99790fa8
中华人民共和国国境口岸卫生监督办法	210	行政法规	卫生	2322500	ff8080816f3cbb3c016f40d3fa6c0610
放射性同位素与射线装置安全和防护条例	210	行政法规	综合	2324000	ff8080816f3cbb3c016f412c3e031b23
中华人民共和国外国籍船舶航行长江水域管理规定	210	行政法规	交通	2325500	ff8080816f3cbb3c016f40eaa60f0b03
中华人民共和国中外合作办学条例	210	行政法规	综合	2327000	ff8080816f3e9784016f428790130553
古生物化石保护条例	210	行政法规	综合	2328500	ff8080816f3cbb3c016f40f146ef0cf0
自然灾害救助条例	210	行政法规	社会	2330000	ff8080816f3cbb3c016f40f024b00c7e
军用饮食供应站供水站管理办法	210	行政法规	综合	2331500	ff8080816f3cbb3c016f4048be2c027c
废弃电器电子产品回收处理管理条例	210	行政法规	综合	2333000	ff8080816f3e9784016f424f1b4a04d9
中华人民共和国城镇土地使用税暂行条例	210	行政法规	经济	2334500	ff8080816f3cbb3c016f414f9d74216e
机动车交通事故责任强制保险条例	210	行政法规	经济	2336000	ff8080816f3cbb3c016f413475081cf7
民用核安全设备监督管理条例	210	行政法规	综合	2337500	ff8080816f3cbb3c016f404b411702a1
民用运力国防动员条例	210	行政法规	综合	2339000	ff8080816f3cbb3c016f40e7c6ac0a43
中华人民共和国内河交通安全管理条例	210	行政法规	交通	2340500	ff8080816f3cbb3c016f4094918a04c0
生产安全事故应急条例	210	行政法规	安全	2342000	ff8080816f3cbb3c016f4143a1591f56
中华人民共和国个人所得税法实施条例	210	行政法规	经济	2343500	ff8080816f3cbb3c016f4122d8d9194b
中华人民共和国消防救援衔标志式样和佩带办法	210	行政法规	安全	2345000	ff8080816f3cbb3c016f4142dd751f43
专利代理条例	210	行政法规	商事	2346500	ff8080816f3e98bd016f42593bb30542
行政区划管理条例	210	行政法规	行政	2348000	ff8080816f3cbb3c016f414212f61f1c
中药品种保护条例	210	行政法规	卫生	2349500	ff8080816f3cbb3c016f40f1f2c60d2e
卫星电视广播地面接收设施管理规定	210	行政法规	文化	2351000	ff8080816f3cbb3c016f4111ba15150a
反兴奋剂条例	210	行政法规	综合	2352500	ff8080816f3cbb3c016f40ef84510c63
有线电视管理暂行办法	210	行政法规	文化	2354000	ff8080816f3e98bd016f424eec3404be
易制毒化学品管理条例	210	行政法规	综合	2355500	ff8080816f3cbb3c016f4127f5f31a36
卫星地面接收设施接收外国卫星传送电视节目管理办法	210	行政法规	文化	2357000	ff8080816f3e9784016f4237f6770351
戒毒条例	210	行政法规	综合	2358500	ff8080816f3cbb3c016f410282291133
残疾预防和残疾人康复条例	210	行政法规	社会	2360000	ff8080816f3cbb3c016f413166981c2e
全国经济普查条例	210	行政法规	综合	2361500	ff8080816f3cbb3c016f410b9e711361
医疗纠纷预防和处理条例	210	行政法规	卫生	2363000	ff8080816f3cbb3c016f414140691ef9
人力资源市场暂行条例	210	行政法规	环境	2364500	ff8080816f3cbb3c016f414082e71ee1
奥林匹克标志保护条例	210	行政法规	综合	2366000	ff8080816f3e98bd016f423fc6ee03e1
物业管理条例	210	行政法规	综合	2367500	ff8080816f3cbb3c016f40daebf30779
土地调查条例	210	行政法规	农业	2369000	ff8080816f3e98bd016f423bf73d03a1
防治海洋工程建设项目污染损害海洋环境管理条例	210	行政法规	环境	2370500	ff8080816f3e9784016f41d53efd00b7
中华人民共和国知识产权海关保护条例	210	行政法规	经济	2372000	ff8080816f3cbb3c016f40ec81900b87
中华人民共和国森林法实施条例	210	行政法规	环境	2373500	ff8080816f3cbb3c016f410a7d6612f4
中华人民共和国海关事务担保条例	210	行政法规	民事	2375000	ff8080816f3cbb3c016f40f3a7fa0db0
中华人民共和国人民币管理条例	210	行政法规	综合	2376500	ff8080816f3cbb3c016f410bf79f1377
防治船舶污染海洋环境管理条例	210	行政法规	环境	2378000	ff8080816f3cbb3c016f40df32460884
食盐专营办法	210	行政法规	综合	2379500	ff8080816f3e9784016f4202c15c0299
中华人民共和国环境保护税法实施条例	210	行政法规	经济	2381000	ff8080816f3cbb3c016f413547161d1e
规章制定程序条例	210	行政法规	综合	2382500	ff8080816f3e98bd016f41dca9b10118
中华人民共和国反间谍法实施细则	210	行政法规	综合	2384000	ff8080816f3cbb3c016f4133f0051cdd
重大动物疫情应急条例	210	行政法规	安全	2385500	ff8080816f3cbb3c016f412cffc31b4a
中华人民共和国道路交通安全法实施条例	210	行政法规	交通	2387000	ff8080816f3cbb3c016f40f566c10e23
气象灾害防御条例	210	行政法规	综合	2388500	ff8080816f3cbb3c016f40ecfbed0b98
建设工程勘察设计管理条例	210	行政法规	综合	2390000	ff8080816f3cbb3c016f4119f6d91727
农业转基因生物安全管理条例	210	行政法规	农业	2391500	ff8080816f3cbb3c016f412348ab195e
中华人民共和国野生植物保护条例	210	行政法规	综合	2393000	ff8080816f3e9784016f423225340323
导游人员管理条例	210	行政法规	综合	2394500	ff8080816f3cbb3c016f40fd3bbf1024
历史文化名城名镇名村保护条例	210	行政法规	文化	2396000	ff8080816f3e98bd016f423e509103d6
棉花质量监督管理条例	210	行政法规	经济	2397500	ff8080816f3cbb3c016f412a7ed91aca
中华人民共和国文物保护法实施条例	210	行政法规	文化	2399000	ff8080816f3cbb3c016f40d8289506e6
机关团体建设楼堂馆所管理条例	210	行政法规	综合	2400500	ff8080816f3cbb3c016f41331d0f1c9a
宗教事务条例	210	行政法规	综合	2402000	ff8080816f3cbb3c016f4114f03315f1
志愿服务条例	210	行政法规	社会	2403500	ff8080816f3cbb3c016f41323ebe1c5c
无证无照经营查处办法	210	行政法规	综合	2405000	ff8080816f3cbb3c016f41315fb41c25
融资担保公司监督管理条例	210	行政法规	民事	2406500	ff8080816f3cbb3c016f413336081ca4
建设项目环境保护管理条例	210	行政法规	环境	2408000	ff8080816f3cbb3c016f40f37ba30da7
中华人民共和国统计法实施条例	210	行政法规	经济	2409500	ff8080816f3cbb3c016f413251961c66
大中型水利水电工程建设征地补偿和移民安置条例	210	行政法规	农业	2411000	ff8080816f3cbb3c016f413b854d1e02
防止拆船污染环境管理条例	210	行政法规	环境	2412500	ff8080816f3cbb3c016f4159694422d7
城市市容和环境卫生管理条例	210	行政法规	环境	2414000	ff8080816f3cbb3c016f40e902ff0a8c
中华人民共和国水文条例	210	行政法规	综合	2415500	ff8080816f3e9784016f41fc152d0254
学校体育工作条例	210	行政法规	教育	2417000	ff8080816f3e98bd016f420639130314
饲料和饲料添加剂管理条例	210	行政法规	综合	2418500	ff8080816f3cbb3c016f41007b9110ca
地质资料管理条例	210	行政法规	综合	2420000	ff8080816f3e98bd016f42435ae50416
对外承包工程管理条例	210	行政法规	综合	2421500	ff8080816f3e9784016f4242ccee0409
公共机构节能条例	210	行政法规	环境	2423000	ff8080816f3e9784016f424525aa042f
直销管理条例	210	行政法规	综合	2424500	ff8080816f3cbb3c016f41245c1019aa
期货交易管理条例	210	行政法规	商事	2426000	ff8080816f3cbb3c016f403671de018d
实验动物管理条例	210	行政法规	综合	2427500	ff8080816f3cbb3c016f4152a5c62204
取水许可和水资源费征收管理条例	210	行政法规	环境	2429000	ff8080816f3cbb3c016f41334bfe1cb3
中国公民出国旅游管理办法	210	行政法规	文化	2430500	ff8080816f3e9784016f424816c20464
中华人民共和国海洋倾废管理条例	210	行政法规	环境	2432000	ff8080816f3cbb3c016f40fe730c106d
食盐加碘消除碘缺乏危害管理条例	210	行政法规	综合	2433500	ff8080816f3cbb3c016f41393a111dac
残疾人教育条例	210	行政法规	教育	2435000	ff8080816f3cbb3c016f4137eaa21d7b
企业投资项目核准和备案管理条例	210	行政法规	综合	2436500	ff8080816f3cbb3c016f413065461be0
中华人民共和国无线电管理条例	210	行政法规	文化	2438000	ff8080816f3cbb3c016f410b18b01324
国务院对确需保留的行政审批项目设定行政许可的决定	210	行政法规	行政	2439500	ff8080816f3cbb3c016f40fde5bc1053
农田水利条例	210	行政法规	农业	2441000	ff8080816f3cbb3c016f412f4a201ba2
全国社会保障基金条例	210	行政法规	经济	2442500	ff8080816f3cbb3c016f412e35e31b74
中华人民共和国税收征收管理法实施细则	210	行政法规	经济	2444000	ff8080816f3cbb3c016f409df6fa0566
血液制品管理条例	210	行政法规	综合	2445500	ff8080816f3cbb3c016f40882b3f03e1
中华人民共和国电信条例	210	行政法规	文化	2447000	ff8080816f3cbb3c016f4117a46d169e
气象设施和气象探测环境保护条例	210	行政法规	环境	2448500	ff8080816f3cbb3c016f4113d48215af
中华人民共和国城镇集体所有制企业条例	210	行政法规	综合	2450000	ff8080816f3cbb3c016f40d73bfc06b1
烟花爆竹安全管理条例	210	行政法规	综合	2451500	ff8080816f3cbb3c016f412facb71bbb
全民健身条例	210	行政法规	综合	2453000	ff8080816f3cbb3c016f40de1dfa085d
中华人民共和国陆生野生动物保护实施条例	210	行政法规	环境	2454500	ff8080816f3cbb3c016f40e1456008e8
中央储备粮管理条例	210	行政法规	综合	2456000	ff8080816f3cbb3c016f40e58a2d09c3
农业保险条例	210	行政法规	经济	2457500	ff8080816f3cbb3c016f41185f3516da
中华人民共和国进口计量器具监督管理办法	210	行政法规	经济	2459000	ff8080816f3cbb3c016f40458a1d0249
证券交易所风险基金管理暂行办法	210	行政法规	商事	2460500	ff8080816f3cbb3c016f4111395614d7
退耕还林条例	210	行政法规	综合	2462000	ff8080816f3e98bd016f425a4b32054c
中华人民共和国考古涉外工作管理办法	210	行政法规	综合	2463500	ff8080816f3e98bd016f4257c9cb0532
城镇燃气管理条例	210	行政法规	综合	2465000	ff8080816f3cbb3c016f40f59ddc0e2f
危险废物经营许可证管理办法	210	行政法规	综合	2466500	ff8080816f3cbb3c016f40f93dba0f16
地图管理条例	210	行政法规	文化	2468000	ff8080816f3cbb3c016f412d67521b66
居住证暂行条例	210	行政法规	综合	2469500	ff8080816f3cbb3c016f412c25a71b1a
中国公民往来台湾地区管理办法	210	行政法规	综合	2471000	ff8080816f3cbb3c016f40dd9c260826
存款保险条例	210	行政法规	经济	2472500	ff8080816f3cbb3c016f412b37b61af0
博物馆条例	210	行政法规	综合	2474000	ff8080816f3cbb3c016f412a39e71ab9
中华人民共和国政府采购法实施条例	210	行政法规	经济	2475500	ff8080816f3cbb3c016f41290bbc1a76
安全生产许可证条例	210	行政法规	安全	2477000	ff8080816f3cbb3c016f40ee9ee50c0f
证券公司监督管理条例	210	行政法规	商事	2478500	ff8080816f3cbb3c016f4088cfc203f2
民用爆炸物品安全管理条例	210	行政法规	安全	2480000	ff8080816f3cbb3c016f4136f7ed1d4f
高等教育自学考试暂行条例	210	行政法规	教育	2481500	ff8080816f3cbb3c016f415d64e5236d
中华人民共和国船舶登记条例	210	行政法规	交通	2483000	ff8080816f3cbb3c016f4132de6f1c90
中华人民共和国商标法实施条例	210	行政法规	商事	2484500	ff8080816f3e9784016f424ff3ad04e9
事业单位人事管理条例	210	行政法规	劳动	2486000	ff8080816f3cbb3c016f4125dd7719de
著作权集体管理条例	210	行政法规	商事	2487500	ff8080816f3cbb3c016f411849b516c7
中华人民共和国水生野生动物保护实施条例	210	行政法规	环境	2489000	ff8080816f3cbb3c016f41106c8f14a3
外国商会管理暂行规定	210	行政法规	综合	2490500	ff8080816f3e9784016f41e044630103
危险化学品安全管理条例	210	行政法规	安全	2492000	ff8080816f3cbb3c016f4087cdcc03d9
畜禽规模养殖污染防治条例	210	行政法规	环境	2493500	ff8080816f3cbb3c016f41202fec18bf
国际收支统计申报办法	210	行政法规	经济	2495000	ff8080816f3cbb3c016f414b0c30208a
长江三峡水利枢纽安全保卫条例	210	行政法规	农业	2496500	ff8080816f3cbb3c016f411d9724181e
铁路安全管理条例	210	行政法规	交通	2498000	ff8080816f3cbb3c016f411c7c0b17cd
中华人民共和国对外合作开采陆上石油资源条例	210	行政法规	环境	2499500	ff8080816f3cbb3c016f4114881a15d2
传统工艺美术保护条例	210	行政法规	综合	2501000	ff8080816f3cbb3c016f4095dc1d04d1
中华人民共和国对外合作开采海洋石油资源条例	210	行政法规	环境	2502500	ff8080816f3cbb3c016f40d03c4005e7
计算机软件保护条例	210	行政法规	综合	2504000	ff8080816f3cbb3c016f404be4af02ad
信息网络传播权保护条例	210	行政法规	文化	2505500	ff8080816f3cbb3c016f413992b21db9
中华人民共和国著作权法实施条例	210	行政法规	商事	2507000	ff8080816f3cbb3c016f4098806604fc
征信业管理条例	210	行政法规	综合	2508500	ff8080816f3cbb3c016f41197132170f
铁路交通事故应急救援和调查处理条例	210	行政法规	交通	2510000	ff8080816f3cbb3c016f404c818f02be
教育督导条例	210	行政法规	教育	2511500	ff8080816f3cbb3c016f4114dabd15de
无障碍环境建设条例	210	行政法规	环境	2513000	ff8080816f3cbb3c016f41114f6314e8
机关事务管理条例	210	行政法规	综合	2514500	ff8080816f3cbb3c016f4112b3e51541
对外劳务合作管理条例	210	行政法规	综合	2516000	ff8080816f3cbb3c016f41103e211490
女职工劳动保护特别规定	210	行政法规	劳动	2517500	ff8080816f3cbb3c016f410f1ed51451
校车安全管理条例	210	行政法规	综合	2519000	ff8080816f3cbb3c016f410de77e1403
拘留所条例	210	行政法规	综合	2520500	ff8080816f3cbb3c016f410bdd5f136c
放射性废物安全管理条例	210	行政法规	综合	2522000	ff8080816f3cbb3c016f41099ee712ca
太湖流域管理条例	210	行政法规	综合	2523500	ff8080816f3cbb3c016f4105e23c11d3
公安机关督察条例	210	行政法规	综合	2525000	ff8080816f3e9784016f424ddf8404c9
电力安全事故应急处置和调查处理条例	210	行政法规	安全	2526500	ff8080816f3cbb3c016f41037d6c116b
军工关键设备设施管理条例	210	行政法规	综合	2528000	ff8080816f3cbb3c016f41016ad810f5
公路安全保护条例	210	行政法规	交通	2529500	ff8080816f3cbb3c016f40fc74e50fe9
土地复垦条例	210	行政法规	农业	2531000	ff8080816f3cbb3c016f40fb7e520f9f
国有土地上房屋征收与补偿条例	210	行政法规	农业	2532500	ff8080816f3cbb3c016f40fa642a0f58
国家赔偿费用管理条例	210	行政法规	综合	2534000	ff8080816f3cbb3c016f40f952c30f20
医疗废物管理条例	210	行政法规	卫生	2535500	ff8080816f3cbb3c016f40dea19f087a
中华人民共和国乡村集体所有制企业条例	210	行政法规	综合	2537000	ff8080816f3cbb3c016f4086cb9f03c4
电力设施保护条例	210	行政法规	综合	2538500	ff8080816f3cbb3c016f414f25b32152
中华人民共和国土地增值税暂行条例	210	行政法规	经济	2540000	ff8080816f3cbb3c016f411bd9e317a0
渔业资源增殖保护费征收使用办法	210	行政法规	环境	2541500	ff8080816f3cbb3c016f4151b6f121d7
核电厂核事故应急管理条例	210	行政法规	安全	2543000	ff8080816f3cbb3c016f41084f651278
破坏性地震应急条例	210	行政法规	安全	2544500	ff8080816f3cbb3c016f413d64691e61
中华人民共和国防汛条例	210	行政法规	综合	2546000	ff8080816f3e9784016f425d72570545
中华人民共和国海关总署关于外国驻中国使馆和使馆人员进出境物品的规定	210	行政法规	经济	2547500	ff8080816f3cbb3c016f41393c2f1db0
中华人民共和国集会游行示威法实施条例	210	行政法规	综合	2549000	ff8080816f3cbb3c016f40e624ce09f0
国务院关于禁止在市场经济活动中实行地区封锁的规定	210	行政法规	综合	2550500	ff8080816f3cbb3c016f412203161921
中华人民共和国计算机信息系统安全保护条例	210	行政法规	文化	2552000	ff8080816f3cbb3c016f4128dea41a5b
财政违法行为处罚处分条例	210	行政法规	经济	2553500	ff8080816f3cbb3c016f4115a6ee1622
中华人民共和国金银管理条例	210	行政法规	综合	2555000	ff8080816f3cbb3c016f40ed05e60ba2
中华人民共和国航标条例	210	行政法规	综合	2556500	ff8080816f3e98bd016f41efa7ae01f2
森林采伐更新管理办法	210	行政法规	环境	2558000	ff8080816f3cbb3c016f414d6b7620fb
广播电台电视台播放录音制品支付报酬暂行办法	210	行政法规	文化	2559500	ff8080816f3cbb3c016f40e87aa90a70
电网调度管理条例	210	行政法规	综合	2561000	ff8080816f3cbb3c016f4100376a10b8
企业债券管理条例	210	行政法规	综合	2562500	ff8080816f3cbb3c016f4106f07d1215
征收教育费附加的暂行规定	210	行政法规	教育	2564000	ff8080816f3cbb3c016f412396fc1973
中华人民共和国监控化学品管理条例	210	行政法规	综合	2565500	ff8080816f3cbb3c016f40374f830192
关于骗购外汇、非法套汇、逃汇、非法买卖外汇等违反外汇管理规定行为的行政处分或者纪律处分暂行规定	210	行政法规	经济	2567000	ff8080816f3cbb3c016f40fa6d000f62
制止牟取暴利的暂行规定	210	行政法规	综合	2568500	ff8080816f3cbb3c016f413c856b1e35
中国人民武装警察部队实行警官警衔制度的具体办法	210	行政法规	综合	2570000	ff8080816f3cbb3c016f415440e22252
储蓄管理条例	210	行政法规	综合	2571500	ff8080816f3cbb3c016f40f2cb480d6e
计算机信息网络国际联网安全保护管理办法	210	行政法规	文化	2573000	ff8080816f3cbb3c016f40dda3dd082f
中华人民共和国民用航空安全保卫条例	210	行政法规	交通	2574500	ff8080816f3e98bd016f42096fb0034b
中华人民共和国国库券条例	210	行政法规	综合	2576000	ff8080816f3cbb3c016f40e3c9570960
中华人民共和国海关对出口加工区监管的暂行办法	210	行政法规	经济	2577500	ff8080816f3cbb3c016f41124ba91528
国家重点建设项目管理办法	210	行政法规	综合	2579000	ff8080816f3e98bd016f4205c511030c
中华人民共和国测量标志保护条例	210	行政法规	综合	2580500	ff8080816f3e9784016f420ad7e00315
总会计师条例	210	行政法规	经济	2582000	ff8080816f3e98bd016f4256565b0528
保税区海关监管办法	210	行政法规	经济	2583500	ff8080816f3cbb3c016f40a4d55d05a8
票据管理实施办法	210	行政法规	商事	2585000	ff8080816f3cbb3c016f40d3cbfc05fe
基本农田保护条例	210	行政法规	综合	2586500	ff8080816f3cbb3c016f40f6b8170e88
突发公共卫生事件应急条例	210	行政法规	卫生	2588000	ff8080816f3cbb3c016f40d6fd3c06a0
海关工作人员使用武器和警械的规定	210	行政法规	经济	2589500	ff8080816f3cbb3c016f4030eb5e014c
长江三峡工程建设移民条例	210	行政法规	综合	2591000	ff8080816f3cbb3c016f411e99ab1864
中华人民共和国房产税暂行条例	210	行政法规	经济	2592500	ff8080816f3cbb3c016f4130e3f91bfc
民兵武器装备管理条例	210	行政法规	综合	2594000	ff8080816f3cbb3c016f414022981ed6
国防交通条例	210	行政法规	交通	2595500	ff8080816f3cbb3c016f413e55291e98
民兵工作条例	210	行政法规	综合	2597000	ff8080816f3e9784016f4253f35d051a
工伤保险条例	210	行政法规	劳动	2598500	ff8080816f3cbb3c016f40d5bc0f0659
价格违法行为行政处罚规定	210	行政法规	行政	2600000	ff8080816f3cbb3c016f4103cde6117b
武器装备质量管理条例	210	行政法规	经济	2601500	ff8080816f3cbb3c016f40f491e90ded
中华人民共和国无线电管制规定	210	行政法规	文化	2603000	ff8080816f3cbb3c016f40f290a30d5c
中国人民解放军现役士兵服役条例	210	行政法规	综合	2604500	ff8080816f3cbb3c016f414eda7e2148
全国人口普查条例	210	行政法规	综合	2606000	ff8080816f3cbb3c016f40ef0c4e0c2b
中华人民共和国审计法实施条例	210	行政法规	经济	2607500	ff8080816f3cbb3c016f40d64b350674
政府参事工作条例	210	行政法规	综合	2609000	ff8080816f3cbb3c016f40e5c1d509d0
放射性物品运输安全管理条例	210	行政法规	交通	2610500	ff8080816f3cbb3c016f40e063d508c7
规划环境影响评价条例	210	行政法规	环境	2612000	ff8080816f3cbb3c016f40dd0536080e
基础测绘条例	210	行政法规	综合	2613500	ff8080816f3cbb3c016f40d9238f070c
彩票管理条例	210	行政法规	综合	2615000	ff8080816f3cbb3c016f40d68014068e
中华人民共和国抗旱条例	210	行政法规	综合	2616500	ff8080816f3e98bd016f4251197404e8
特种设备安全监察条例	210	行政法规	行政	2618000	ff8080816f3cbb3c016f40d306b705f3
军服管理条例	210	行政法规	综合	2619500	ff8080816f3e98bd016f424db73c049c
中华人民共和国航道管理条例	210	行政法规	综合	2621000	ff8080816f3cbb3c016f414ae4182081
中华人民共和国消费税暂行条例	210	行政法规	经济	2622500	ff8080816f3cbb3c016f411aeff91764
中华人民共和国外国常驻新闻机构和外国记者采访条例	210	行政法规	文化	2624000	ff8080816f3e9784016f424c052b0498
乳品质量安全监督管理条例	210	行政法规	经济	2625500	ff8080816f3e9784016f424995cc0482
中华人民共和国劳动合同法实施条例	210	行政法规	劳动	2627000	ff8080816f3cbb3c016f40927caf049c
中华人民共和国畜禽遗传资源进出境和对外合作研究利用审批办法	210	行政法规	环境	2628500	ff8080816f3e9784016f4247417c0454
中华人民共和国外汇管理条例	210	行政法规	经济	2630000	ff8080816f3cbb3c016f4041596b01f1
汶川地震灾后恢复重建条例	210	行政法规	综合	2631500	ff8080816f3cbb3c016f408b60e10403
武器装备科研生产许可管理条例	210	行政法规	综合	2633000	ff8080816f3cbb3c016f40869ec403b8
职工带薪年休假条例	210	行政法规	劳动	2634500	ff8080816f3e98bd016f420b9b460371
现役军人和人民武装警察居民身份证申领发放办法	210	行政法规	综合	2636000	ff8080816f3cbb3c016f4052ddb0031e
中华人民共和国飞行基本规则	210	行政法规	综合	2637500	ff8080816f3cbb3c016f41151b9315fb
大型群众性活动安全管理条例	210	行政法规	综合	2639000	ff8080816f3e9784016f4206274a02c4
国务院关于加强食品等产品安全监督管理的特别规定	210	行政法规	综合	2640500	ff8080816f3e9784016f4204796f02aa
对储蓄存款利息所得征收个人所得税的实施办法	210	行政法规	经济	2642000	ff8080816f3cbb3c016f4105bea511c9
生产安全事故报告和调查处理条例	210	行政法规	安全	2643500	ff8080816f3e98bd016f41f5b268023f
残疾人就业条例	210	行政法规	劳动	2645000	ff8080816f3e98bd016f41eb2b4a01cc
地方各级人民政府机构设置和编制管理条例	210	行政法规	社会	2646500	ff8080816f3e9784016f41e453d10134
商业特许经营管理条例	210	行政法规	综合	2648000	ff8080816f3e98bd016f41e31ab00172
诉讼费用交纳办法	210	行政法规	程序	2649500	ff8080816f3e98bd016f41e1395a015f
公安机关组织管理条例	210	行政法规	综合	2651000	ff8080816f3cbb3c016f4029c87b0104
中华人民共和国核出口管制条例	210	行政法规	综合	2652500	ff8080816f3cbb3c016f40d4cb5d0636
长城保护条例	210	行政法规	综合	2654000	ff8080816f3e9784016f41d8fcdc00c2
中华人民共和国测绘成果管理条例	210	行政法规	综合	2655500	ff8080816f3cbb3c016f413aa09e1de5
地方志工作条例	210	行政法规	综合	2657000	ff8080816f3cbb3c016f4138abba1d95
农村五保供养工作条例	210	行政法规	农业	2658500	ff8080816f3cbb3c016f4130c2261bf2
禁止传销条例	210	行政法规	综合	2660000	ff8080816f3cbb3c016f41270dc21a12
军队参加抢险救灾条例	210	行政法规	综合	2661500	ff8080816f3cbb3c016f411d0a7c17f0
国务院实施《中华人民共和国民族区域自治法》若干规定	210	行政法规	综合	2663000	ff8080816f3cbb3c016f411c2bd517aa
电力监管条例	210	行政法规	综合	2664500	ff8080816f3cbb3c016f411a1e6b1731
劳动保障监察条例	210	行政法规	劳动	2666000	ff8080816f3cbb3c016f41114fec14e9
世界博览会标志保护条例	210	行政法规	综合	2667500	ff8080816f3cbb3c016f411084e914ae
企业事业单位内部治安保卫条例	210	行政法规	综合	2669000	ff8080816f3cbb3c016f410faf721475
国防专利条例	210	行政法规	商事	2670500	ff8080816f3cbb3c016f410da0e913e7
收费公路管理条例	210	行政法规	交通	2672000	ff8080816f3cbb3c016f410c76201391
事业单位登记管理暂行条例	210	行政法规	商事	2673500	ff8080816f3cbb3c016f40f14a340cf5
中华人民共和国归侨侨眷权益保护法实施办法	210	行政法规	综合	2675000	ff8080816f3cbb3c016f40fcabd70ffd
中华人民共和国反补贴条例	210	行政法规	综合	2676500	ff8080816f3e98bd016f41e2bc56016a
中华人民共和国保障措施条例	210	行政法规	综合	2678000	ff8080816f3cbb3c016f40376a840194
中华人民共和国反倾销条例	210	行政法规	综合	2679500	ff8080816f3e98bd016f41e195f60161
基金会管理条例	210	行政法规	经济	2681000	ff8080816f3cbb3c016f40f192790d07
建设工程安全生产管理条例	210	行政法规	安全	2682500	ff8080816f3cbb3c016f40ea51880ae9
地质灾害防治条例	210	行政法规	综合	2684000	ff8080816f3cbb3c016f40eb6e400b4b
乡村医生从业管理条例	210	行政法规	综合	2685500	ff8080816f3cbb3c016f40e3cfa70969
法律援助条例	210	行政法规	程序	2687000	ff8080816f3cbb3c016f40e30d740945
海关关衔标志式样和佩带办法	210	行政法规	经济	2688500	ff8080816f3cbb3c016f40e22eac092b
中华人民共和国渔业船舶检验条例	210	行政法规	交通	2690000	ff8080816f3cbb3c016f40e1488508ee
公共文化体育设施条例	210	行政法规	文化	2691500	ff8080816f3cbb3c016f40e006b308b6
城市生活无着的流浪乞讨人员救助管理办法	210	行政法规	社会	2693000	ff8080816f3cbb3c016f40ddb9840839
通用航空飞行管制条例	210	行政法规	交通	2694500	ff8080816f3cbb3c016f40a565ac05b1
中华人民共和国军品出口管理条例	210	行政法规	综合	2696000	ff8080816f3cbb3c016f40d98a270726
禁止使用童工规定	210	行政法规	劳动	2697500	ff8080816f3cbb3c016f40a1b7230583
专职守护押运人员枪支使用管理条例	210	行政法规	综合	2699000	ff8080816f3e98bd016f424c4c5e0488
行政区域界线管理条例	210	行政法规	综合	2700500	ff8080816f3e98bd016f42477b640455
医疗事故处理条例	210	行政法规	卫生	2702000	ff8080816f3e9784016f4243e3cb0416
指导外商投资方向规定	210	行政法规	综合	2703500	ff8080816f3e98bd016f42414d5303fe
电影管理条例	210	行政法规	文化	2705000	ff8080816f3e98bd016f4206cdde0320
金融机构撤销条例	210	行政法规	经济	2706500	ff8080816f3e9784016f41ea30ce0195
国务院关于特大安全事故行政责任追究的规定	210	行政法规	安全	2708000	ff8080816f3cbb3c016f4120931218db
集成电路布图设计保护条例	210	行政法规	综合	2709500	ff8080816f3cbb3c016f411f9b83189a
中华人民共和国军事设施保护法实施办法	210	行政法规	综合	2711000	ff8080816f3cbb3c016f411d9d9f1827
金融资产管理公司条例	210	行政法规	商事	2712500	ff8080816f3cbb3c016f411cd8bc17df
广播电视设施保护条例	210	行政法规	文化	2714000	ff8080816f3cbb3c016f411a9ee2174f
中国人民解放军实施《中华人民共和国执业医师法》办法	210	行政法规	综合	2715500	ff8080816f3cbb3c016f41168ef4165f
人民警察警衔标志式样和佩带办法	210	行政法规	综合	2717000	ff8080816f3cbb3c016f40ef13e60c34
企业财务会计报告条例	210	行政法规	经济	2718500	ff8080816f3cbb3c016f4113f1b515b9
个人存款账户实名制规定	210	行政法规	综合	2720000	ff8080816f3cbb3c016f41105f1e149a
国有重点金融机构监事会暂行条例	210	行政法规	经济	2721500	ff8080816f3cbb3c016f410d4e8c13db
违反行政事业性收费和罚没收入收支两条线管理规定行政处分暂行规定	210	行政法规	综合	2723000	ff8080816f3cbb3c016f410ca6ab13a5
国务院关于国家行政机关和企业事业单位社会团体印章管理的规定	210	行政法规	综合	2724500	ff8080816f3cbb3c016f4107b3351256
城市居民最低生活保障条例	210	行政法规	综合	2726000	ff8080816f3cbb3c016f4104e8fc119e
控制对企业进行经济检查的规定	210	行政法规	综合	2727500	ff8080816f3cbb3c016f4102b3a7113d
外国在华常住人员携带进境物品进口税收暂行规定	210	行政法规	经济	2729000	ff8080816f3cbb3c016f40f7c9ff0ed0
金融违法行为处罚办法	210	行政法规	经济	2730500	ff8080816f3cbb3c016f40fb57d40f95
失业保险条例	210	行政法规	经济	2732000	ff8080816f3cbb3c016f40f8971f0ef3
地震预报管理条例	210	行政法规	综合	2733500	ff8080816f3cbb3c016f40f4c1480df7
国内交通卫生检疫条例	210	行政法规	卫生	2735000	ff8080816f3cbb3c016f40f290280d5b
民办非企业单位登记管理暂行条例	210	行政法规	商事	2736500	ff8080816f3cbb3c016f40f03dbd0c8c
证券、期货投资咨询管理暂行办法	210	行政法规	商事	2738000	ff8080816f3cbb3c016f40e12c3c08da
罚款决定与罚款收缴分离实施办法	210	行政法规	综合	2739500	ff8080816f3cbb3c016f40dabb950770
中华人民共和国民用航空器权利登记条例	210	行政法规	交通	2741000	ff8080816f3cbb3c016f40d86fdc06f8
国务院行政机构设置和编制管理条例	210	行政法规	综合	2742500	ff8080816f3e9784016f425bcbd20532
国务院关于在香港特别行政区同时升挂使用国旗区旗的规定	210	行政法规	综合	2744000	ff8080816f3cbb3c016f40970a7804e9
残疾人专用品免征进口税收暂行规定	210	行政法规	经济	2745500	ff8080816f3cbb3c016f408e231d042d
中华人民共和国进出境动植物检疫法实施条例	210	行政法规	综合	2747000	ff8080816f3cbb3c016f4086afae03c1
中华人民共和国矿山安全法实施条例	210	行政法规	安全	2748500	ff8080816f3e9784016f423752750349
上海航运交易所管理规定	210	行政法规	综合	2750000	ff8080816f3e98bd016f4233da140385
国务院关于进一步完善文化经济政策的若干规定	210	行政法规	文化	2751500	ff8080816f3e9784016f4230ca070320
特殊标志管理条例	210	行政法规	综合	2753000	ff8080816f3e9784016f4209c0d8030e
结汇、售汇及付汇管理规定	210	行政法规	综合	2754500	ff8080816f3e98bd016f420808e70339
中华人民共和国涉外海洋科学研究管理规定	210	行政法规	环境	2756000	ff8080816f3cbb3c016f4050bd2602fb
中华人民共和国红十字标志使用办法	210	行政法规	社会	2757500	ff8080816f3e98bd016f41fab9850270
企业国有资产产权登记管理办法	210	行政法规	商事	2759000	ff8080816f3e9784016f41f508fa0201
中华人民共和国人民警察使用警械和武器条例	210	行政法规	综合	2760500	ff8080816f3e98bd016f41eb876901ce
国务院关于股份有限公司境内上市外资股的规定	210	行政法规	商事	2762000	ff8080816f3e98bd016f41e832c301ac
教师资格条例	210	行政法规	教育	2763500	ff8080816f3e9784016f41e4c09b014b
重新组建仲裁机构方案	210	行政法规	程序	2765000	ff8080816f3cbb3c016f414707551fcc
仲裁委员会仲裁收费办法	210	行政法规	程序	2766500	ff8080816f3cbb3c016f4145fce81fa4
仲裁委员会登记暂行办法	210	行政法规	程序	2768000	ff8080816f3cbb3c016f41480b1e1ffc
中华人民共和国出境入境边防检查条例	210	行政法规	综合	2769500	ff8080816f3cbb3c016f41448b9c1f7d
中华人民共和国国际货物运输代理业管理规定	210	行政法规	交通	2771000	ff8080816f3cbb3c016f414144961eff
国务院关于职工工作时间的规定	210	行政法规	劳动	2772500	ff8080816f3cbb3c016f41260ca619e7
国务院关于外商投资企业和外国企业适用增值税、消费税、营业税等税收暂行条例有关问题的通知	210	行政法规	经济	2774000	ff8080816f3cbb3c016f412a31091aaf
中华人民共和国境内外国人宗教活动管理规定	210	行政法规	综合	2775500	ff8080816f3cbb3c016f4124064b198f
中华人民共和国港口间海上旅客运输赔偿责任限额规定	210	行政法规	交通	2777000	ff8080816f3cbb3c016f411d1c9617fc
国务院关于在对外公务活动中赠送和接受礼品的规定	210	行政法规	综合	2778500	ff8080816f3cbb3c016f411717031671
关于不满300总吨船舶及沿海运输、沿海作业船舶海事赔偿限额的规定	210	行政法规	交通	2780000	ff8080816f3cbb3c016f4115f38c1636
民族乡行政工作条例	210	行政法规	综合	2781500	ff8080816f3cbb3c016f410c810d139b
城市民族工作条例	210	行政法规	综合	2783000	ff8080816f3cbb3c016f410dd25113f9
扫除文盲工作条例	210	行政法规	综合	2784500	ff8080816f3cbb3c016f41585aaa22a1
村庄和集镇规划建设管理条例	210	行政法规	综合	2786000	ff8080816f3cbb3c016f410209a01121
股票发行与交易管理暂行条例	210	行政法规	综合	2787500	ff8080816f3cbb3c016f40fe8ab01078
国有企业富余职工安置规定	210	行政法规	劳动	2789000	ff8080816f3cbb3c016f40fd4631102f
中华人民共和国国家货币出入境管理办法	210	行政法规	综合	2790500	ff8080816f3cbb3c016f40fa57c40f4e
中华人民共和国海上航行警告和航行通告管理规定	210	行政法规	综合	2792000	ff8080816f3cbb3c016f40f901270f0c
中华人民共和国搜寻援救民用航空器规定	210	行政法规	交通	2793500	ff8080816f3cbb3c016f40f6f9a50e9a
评定授予人民警察警衔实施办法	210	行政法规	综合	2795000	ff8080816f3cbb3c016f40edf1310bdd
农民承担费用和劳务管理条例	210	行政法规	综合	2796500	ff8080816f3cbb3c016f40dc6b7b07e0
中华人民共和国传染病防治法实施办法	210	行政法规	卫生	2798000	ff8080816f3cbb3c016f40da9a270766
外国人来华登山管理办法	210	行政法规	综合	2799500	ff8080816f3cbb3c016f40d578c00648
工商行政管理所条例	210	行政法规	综合	2801000	ff8080816f3cbb3c016f40a671e305c1
劳动就业服务企业管理规定	210	行政法规	劳动	2802500	ff8080816f3e9784016f424fe00c04e5
中华人民共和国邮政法实施细则	210	行政法规	交通	2804000	ff8080816f3cbb3c016f409700e404e5
国务院关于鼓励华侨和香港澳门同胞投资的规定	210	行政法规	综合	2805500	ff8080816f3cbb3c016f40919f6c048a
工人考核条例	210	行政法规	综合	2807000	ff8080816f3e9784016f4243e3530414
学校卫生工作条例	210	行政法规	教育	2808500	ff8080816f3cbb3c016f4088a7d903ea
国防计量监督管理条例	210	行政法规	经济	2810000	ff8080816f3e98bd016f4209b4b3034d
中华人民共和国看守所条例	210	行政法规	综合	2811500	ff8080816f3e9784016f4207a75e02e0
中华人民共和国海上交通事故调查处理条例	210	行政法规	交通	2813000	ff8080816f3cbb3c016f404dea7b02d0
关于工资总额组成的规定	210	行政法规	劳动	2814500	ff8080816f3e9784016f4201bf5d028c
石油地震勘探损害补偿规定	210	行政法规	综合	2816000	ff8080816f3cbb3c016f403a3c3d01bb
幼儿园管理条例	210	行政法规	综合	2817500	ff8080816f3e98bd016f41ecfc9401e6
人民调解委员会组织条例	210	行政法规	程序	2819000	ff8080816f3e98bd016f41e406e40177
铺设海底电缆管道管理规定	210	行政法规	综合	2820500	ff8080816f3cbb3c016f4159ccf822e7
行政区域边界争议处理条例	210	行政法规	综合	2822000	ff8080816f3cbb3c016f4158ea5222c4
医疗用毒性药品管理办法	210	行政法规	卫生	2823500	ff8080816f3cbb3c016f415620d42280
城市节约用水管理规定	210	行政法规	综合	2825000	ff8080816f3cbb3c016f4155182b226d
国家行政机关及其工作人员在国内公务活动中不得赠送和接受礼品的规定	210	行政法规	综合	2826500	ff8080816f3cbb3c016f41537510222f
国务院关于鼓励台湾同胞投资的规定	210	行政法规	综合	2828000	ff8080816f3cbb3c016f414bb47f20ad
北京市新技术产业开发试验区暂行条例	210	行政法规	综合	2829500	ff8080816f3cbb3c016f41586a1022ab
国务院关于鼓励投资开发海南岛的规定	210	行政法规	综合	2831000	ff8080816f3cbb3c016f415aee52231e
禁止向企业摊派暂行条例	210	行政法规	综合	2832500	ff8080816f3cbb3c016f415c25742353
中华人民共和国尘肺病防治条例	210	行政法规	综合	2834000	ff8080816f3cbb3c016f4153bc772240
野生药材资源保护管理条例	210	行政法规	环境	2835500	ff8080816f3cbb3c016f4151fd5a21e1
广告管理条例	210	行政法规	综合	2837000	ff8080816f3cbb3c016f41513f4421be
中华人民共和国价格管理条例	210	行政法规	经济	2838500	ff8080816f3cbb3c016f414e564d2130
中华人民共和国核材料管制条例	210	行政法规	综合	2840000	ff8080816f3cbb3c016f41524ef621f7
中华人民共和国民用航空器适航管理条例	210	行政法规	交通	2841500	ff8080816f3cbb3c016f4150d40b21ab
中华人民共和国强制检定的工作计量器具检定管理办法	210	行政法规	经济	2843000	ff8080816f3cbb3c016f414b7f29209c
地方口岸管理机构职责范围暂行规定	210	行政法规	综合	2844500	ff8080816f3cbb3c016f414e4dd32126
中国公民因私事往来香港地区或者澳门地区的暂行管理办法	210	行政法规	综合	2846000	ff8080816f3cbb3c016f414169611f09
普通高等学校设置暂行条例	210	行政法规	教育	2847500	ff8080816f3cbb3c016f413f58d41eaf
中华人民共和国民用核设施安全监督管理条例	210	行政法规	综合	2849000	ff8080816f3cbb3c016f413700b71d59
国务院关于鼓励外商投资的规定	210	行政法规	综合	2850500	ff8080816f3cbb3c016f41348bc71d01
高等教育管理职责暂行规定	210	行政法规	教育	2852000	ff8080816f3cbb3c016f411e352d184a
国务院关于高级专家退休问题的补充规定	210	行政法规	劳动	2853500	ff8080816f3cbb3c016f411a44f7173d
关于实行专业技术职务聘任制度的规定	210	行政法规	综合	2855000	ff8080816f3cbb3c016f411c36a117b4
国务院关于科学技术拨款管理的暂行规定	210	行政法规	综合	2856500	ff8080816f3cbb3c016f4117ff3916b0
关于军民合用机场使用管理的若干暂行规定	210	行政法规	综合	2858000	ff8080816f3cbb3c016f410ef8881436
国务院关于口岸开放的若干规定	210	行政法规	综合	2859500	ff8080816f3cbb3c016f41081d43126e
森林和野生动物类型自然保护区管理办法	210	行政法规	环境	2861000	ff8080816f3cbb3c016f41032dff1161
武器装备研制设计师系统和行政指挥系统工作条例	210	行政法规	综合	2862500	ff8080816f3cbb3c016f40f9febe0f44
国务院关于在我国统一实行法定计量单位的命令	210	行政法规	经济	2864000	ff8080816f3cbb3c016f40f764050eac
军用标准化管理办法	210	行政法规	经济	2865500	ff8080816f3cbb3c016f40f529ca0e1a
中华人民共和国海洋石油勘探开发环境保护管理条例	210	行政法规	环境	2867000	ff8080816f3cbb3c016f40f31d430d8b
国务院关于高级专家离休退休若干问题的暂行规定	210	行政法规	劳动	2868500	ff8080816f3cbb3c016f40ef434b0c3e
公安部对部分刀具实行管制的暂行规定	210	行政法规	综合	2870000	ff8080816f3cbb3c016f40e829a20a56
全国中小学勤工俭学暂行工作条例	210	行政法规	综合	2871500	ff8080816f3cbb3c016f40e5fdb309e4
关于外国人在我国旅行管理的规定	210	行政法规	综合	2873000	ff8080816f3cbb3c016f40e1b68c090e
国务院、中央军委关于保护通信线路的规定	210	行政法规	综合	2874500	ff8080816f3cbb3c016f40ddc8110843
对外经济贸易部特派员办事处暂行条例	210	行政法规	综合	2876000	ff8080816f3cbb3c016f40db8e8f07a4
国务院关于开展全民义务植树运动的实施办法	210	行政法规	综合	2877500	ff8080816f3cbb3c016f40d5cf830663
进口影片管理办法	210	行政法规	综合	2879000	ff8080816f3cbb3c016f40aab81a05dd
加强对外合作出版管理的暂行规定	210	行政法规	文化	2880500	ff8080816f3e9784016f425e26410547
国家机关工作人员病假期间生活待遇的规定	210	行政法规	综合	2882000	ff8080816f3e9784016f42511b5404ef
科学技术档案工作条例	210	行政法规	行政	2883500	ff8080816f3cbb3c016f4098ee0d0507
关于统计报表管理的暂行规定	210	行政法规	经济	2885000	ff8080816f3e98bd016f424cdc840494
中华人民共和国国务院关于管理外国企业常驻代表机构的暂行规定	210	行政法规	综合	2886500	ff8080816f3e9784016f4248c37b047a
中华人民共和国对外国籍船舶管理规则	210	行政法规	交通	2888000	ff8080816f3e98bd016f4241e4b20407
水产资源繁殖保护条例	210	行政法规	环境	2889500	ff8080816f3e98bd016f423ccc3203a9
中国人民解放军驻铁路、水路沿线交通部门军事代表条例	210	行政法规	交通	2891000	ff8080816f3cbb3c016f407ec5300375
保护海底电缆规定	210	行政法规	综合	2892500	ff8080816f3cbb3c016f407cfbfd0368
国境河流外国籍船舶管理办法	210	行政法规	交通	2894000	ff8080816f3e98bd016f420a657d035a
外国籍非军用船舶通过琼州海峡管理规则	210	行政法规	交通	2895500	ff8080816f3e98bd016f420698f00316
中华人民共和国非机动船舶海上安全航行暂行规则	210	行政法规	交通	2897000	ff8080816f3cbb3c016f404e053c02d7
中华人民共和国打捞沉船管理办法	210	行政法规	综合	2898500	ff8080816f3e9784016f4201995e0283
关于国家机关工作人员福利费掌管使用的暂行规定	210	行政法规	综合	2900000	ff8080816f3e98bd016f41ff6cdd029f
国务院关于处理国家机关工作人员退职、退休时计算工作年限的暂行规定	210	行政法规	劳动	2901500	ff8080816f3e9784016f41f740360220
治安保卫委员会暂行组织条例	210	行政法规	综合	2903000	ff8080816f3cbb3c016f415a6bdf2302
查检邮件中夹带外币或外币票据暂行处理办法	210	行政法规	商事	2904500	ff8080816f3e9784016f41e00f200102
政务院关于中央人民政府所属各机关发表公报及公告性文件的办法	210	行政法规	社会	2906000	ff8080816f3cbb3c016f4028aea70100
监察工作信息公开条例	220	监察法规	行政	2400000	ff8081819c230fa1019c2c6a602c3ed7
中华人民共和国监察法实施条例	220	监察法规	行政	2401500	ff80818198a7ecd40198e24493592f36
最高人民法院关于审理道路交通事故损害赔偿案件适用法律若干问题的解释（二）	320	司法解释	民事	3000000	ff8081819e48b493019e5e72927050fb
最高人民法院关于适用行政诉讼起诉期限若干问题的解释	320	司法解释	程序	3001500	ff8081819e48b44c019e5e4fde1a4a49
最高人民法院关于适用《中华人民共和国海商法》时间效力的若干规定	320	司法解释	民事	3003000	ff8081819e48b493019e5e6dc5a950e5
最高人民法院关于审理侵害知识产权民事纠纷案件适用惩罚性赔偿的解释	320	司法解释	民事	3004500	ff8081819e48b44c019e638a4f7b7028
最高人民法院关于审理矿产资源纠纷案件适用法律若干问题的解释	320	司法解释	民事	3006000	ff8081819c0d2ddb019c2283c18778f7
最高人民法院关于基本医疗保险基金先行支付申请条件法律适用问题的批复	320	司法解释	民事	3007500	ff8081819c0d2f98019c227f9ccc76ae
最高人民法院关于部分民事案件管辖适用法律有关问题的批复	320	司法解释	程序	3009000	ff8081819c46f9bb019c9ce74bcd021c
最高人民法院关于互联网法院案件管辖的规定	320	司法解释	程序	3010500	ff8081819998eb470199e6b3a1dd203b
最高人民法院关于审理劳动争议案件适用法律问题的解释（二）	320	司法解释	劳动	3012000	ff80818198a7eafa0199329bcc11687f
最高人民法院关于审理涉专利权评价报告案件适用法律问题的批复	320	司法解释	民事	3013500	ff80818198a7ecd40198bb1b2565523c
最高人民法院关于审理执行异议之诉案件适用法律问题的解释	320	司法解释	民事	3015000	ff80818198a7ecd40198ac61fee71f10
最高人民法院关于审理政府信息公开行政案件适用法律若干问题的解释	320	司法解释	民事	3016500	ff80818197ef49f7019806db5eea4016
最高人民法院关于军事法院管辖民事案件若干问题的规定	320	司法解释	程序	3018000	ff80818197ef49f7019806d560103fc2
最高人民法院关于审理预付式消费民事纠纷案件适用法律若干问题的解释	320	司法解释	民事	3019500	ff808181927f0e7b0195d1a1c52d0287
最高人民法院关于在粤港澳大湾区内地登记设立的香港、澳门投资企业协议选择港澳法律为合同适用法律或者协议约定港澳为仲裁地效力问题的批复	320	司法解释	程序	3021000	ff808181927f12760195d19dd4682e1e
最高人民法院关于外币及港澳台货币逾期付款利息计算标准的批复	320	司法解释	民事	3022500	ff808181927f12760195d19ab2762d99
最高人民法院关于适用《中华人民共和国民法典》婚姻家庭编的解释（二）	320	司法解释	民事	3024000	ff808181981cf0ec019831790a392ff0
最高人民法院关于《中华人民共和国公司法》第八十八条第一款不溯及适用的批复	320	司法解释	民事	3025500	ff808181927f1276019448a29dca7d34
最高人民法院关于认可和执行台湾地区法院民事判决的规定	320	司法解释	民事	3027000	ff808181927f0e7b0194489e84d768fe
最高人民法院关于适用《中华人民共和国民法典》侵权责任编的解释（一）	320	司法解释	民事	3028500	ff808181923a4d0c019240cdec8b09f8
最高人民法院关于大型企业与中小企业约定以第三方支付款项为付款前提条款效力问题的批复	320	司法解释	民事	3030000	ff80818192289187019240cb0c853fa4
最高人民法院关于审理食品药品惩罚性赔偿纠纷案件适用法律若干问题的解释	320	司法解释	民事	3031500	ff80818192289516019240c1c890324a
最高人民法院关于正确确定强制拆除行政诉讼案件被告及起诉期限的批复	320	司法解释	程序	3033000	ff8081819150458d01916e91d1784902
最高人民法院关于适用《中华人民共和国公司法》时间效力的若干规定	320	司法解释	民事	3034500	ff8081819150444501916e8c37764524
最高人民法院关于审理垄断民事纠纷案件适用法律若干问题的解释	320	司法解释	民事	3036000	ff8081819150415e01916e74b4e654ed
最高人民法院关于办理减刑、假释案件审查财产性判项执行问题的规定	320	司法解释	民事	3037500	ff808181900f8e9401900f9ca062007f
最高人民法院关于内地与香港特别行政区法院相互认可和执行民商事案件判决的安排	320	司法解释	民事	3039000	ff8081818e750aac018e88ecd4826245
最高人民法院关于审理涉彩礼纠纷案件适用法律若干问题的规定	320	司法解释	民事	3040500	ff8081818e750bc6018e88e936a263ea
最高人民法院关于审理涉外民商事案件适用国际条约和国际惯例若干问题的解释	320	司法解释	民事	3042000	ff8081818d170bdb018d1b9c1213139f
最高人民法院关于设立国际商事法庭若干问题的规定	320	司法解释	民事	3043500	ff8081818c24df58018c8153325020b7
最高人民法院关于适用《中华人民共和国民法典》合同编通则若干问题的解释	320	司法解释	民事	3045000	ff8081818c24e05b018c814e6de45ab5
最高人民法院关于适用《中华人民共和国涉外民事关系法律适用法》若干问题的解释（二）	320	司法解释	民事	3046500	ff8081818c24e05b018c814a8bcb5a91
最高人民法院关于综合治理类司法建议工作若干问题的规定	320	司法解释	民事	3048000	ff8081818bd27b26018bfbac49d92cda
最高人民法院关于知识产权法庭若干问题的规定	320	司法解释	民事	3049500	ff8081818bd2739d018bf51a7bbd0145
最高人民法院关于公司解散纠纷案件受理费收费标准的批复	320	司法解释	民事	3051000	ff8081818bd2739d018bf51548a6011d
最高人民法院关于审理生态环境侵权责任纠纷案件适用法律若干问题的解释	320	司法解释	民事	3052500	ff8081818b288414018b4164e15676c3
最高人民法院关于生态环境侵权民事诉讼证据的若干规定	320	司法解释	程序	3054000	ff8081818a22132f018acf11fbae21f3
最高人民法院关于审理破坏森林资源刑事案件适用法律若干问题的解释	320	司法解释	刑事	3055500	ff8081818a1cb546018acf22744a1cb8
最高人民法院关于具有专门知识的人民陪审员参加环境资源案件审理的若干规定	320	司法解释	民事	3057000	ff8081818a1cb546018acf07c69e1be5
最高人民法院关于审理司法赔偿案件适用请求时效制度若干问题的解释	320	司法解释	民事	3058500	ff80818188c8b06b01899136d1d20bbc
最高人民法院关于商品房消费者权利保护问题的批复	320	司法解释	民事	3060000	ff80818187c296200188276f69e868fa
最高人民法院关于成渝金融法院案件管辖的规定	320	司法解释	程序	3061500	ff808181862ee02d01863a623c403c58
最高人民法院关于涉外民商事案件管辖若干问题的规定	320	司法解释	程序	3063000	ff808181862ee02d01863a5b52143c38
最高人民法院关于办理人身安全保护令案件适用法律若干问题的规定	320	司法解释	民事	3064500	ff8081818364d90301837cd35c6538e5
最高人民法院关于审理森林资源民事纠纷案件适用法律若干问题的解释	320	司法解释	民事	3066000	ff8081818364da1401837ccf57395945
最高人民法院关于审理人身损害赔偿案件适用法律若干问题的解释	320	司法解释	民事	3067500	ff80818181d823c50181ffd1b39b5e54
最高人民法院关于第一审知识产权民事、行政案件管辖的若干规定	320	司法解释	程序	3069000	ff80818181cdceb30181d80b195040af
最高人民法院关于适用《中华人民共和国民事诉讼法》的解释	320	司法解释	程序	3070500	ff80818181cdceb30181d801c31c4070
最高人民法院关于审理行政赔偿案件若干问题的规定	320	司法解释	民事	3072000	ff80818181cdd7a70181d7efd910420a
最高人民法院关于适用《中华人民共和国反不正当竞争法》若干问题的解释	320	司法解释	民事	3073500	ff80818181cdd7a70181d7e56efb41b3
最高人民法院关于审理网络消费纠纷案件适用法律若干问题的规定（一）	320	司法解释	民事	3075000	ff80818181cdd7a70181d65a7e48303f
最高人民法院关于内地与澳门特别行政区就仲裁程序相互协助保全的安排	320	司法解释	程序	3076500	ff80818181cdd3520181d655c1e73066
最高人民法院关于适用《中华人民共和国民法典》总则编若干问题的解释	320	司法解释	民事	3078000	ff80818181cdceb30181d2c0af9e2339
最高人民法院关于审理非法集资刑事案件具体应用法律若干问题的解释	320	司法解释	刑事	3079500	ff8081818364d90301837840cca7298c
最高人民法院关于内地与香港特别行政区法院相互认可和执行婚姻家庭民事案件判决的安排	320	司法解释	民事	3081000	ff80818181cdd3520181d2994779237b
最高人民法院关于审理涉执行司法赔偿案件适用法律若干问题的解释	320	司法解释	民事	3082500	ff80818181cdd7a70181d29684da22aa
最高人民法院关于审理证券市场虚假陈述侵权民事赔偿案件的若干规定	320	司法解释	民事	3084000	ff80818181cdd7a70181d2930fd1225a
最高人民法院关于审理生态环境侵权纠纷案件适用惩罚性赔偿的解释	320	司法解释	民事	3085500	ff80818181cdceb30181d28c77f9217f
人民法院在线调解规则	320	司法解释	程序	3087000	ff8081817e9b1ec8017e9b72bfa0009a
最高人民法院关于仲裁司法审查案件报核问题的有关规定	320	司法解释	程序	3088500	ff8081817e8f9846017e9b0773e70132
最高人民法院关于人民法院强制执行股权若干问题的规定	320	司法解释	民事	3090000	ff8081817e8f9846017e9b04394e0115
最高人民法院关于人民法院司法拍卖房产竞买人资格若干问题的规定	320	司法解释	民事	3091500	ff8081817e8f9846017e9af53ccc00d2
最高人民法院关于审理铁路运输人身损害赔偿纠纷案件适用法律若干问题的解释	320	司法解释	民事	3093000	ff8081817e8f9b80017e9afb663d1f3b
最高人民法院关于审理食品药品纠纷案件适用法律若干问题的规定	320	司法解释	民事	3094500	ff8081817e8f99c0017e9af07ac66ce5
最高人民法院关于审理使用人脸识别技术处理个人信息相关民事案件适用法律若干问题的规定	320	司法解释	民事	3096000	ff8081817b96971c017b9bbbb82913ea
最高人民法院关于审理侵害植物新品种权纠纷案件具体应用法律问题的若干规定（二）	320	司法解释	民事	3097500	ff8081817b969375017b9bb9ca520d72
最高人民法院关于审理申请注册的药品相关的专利权纠纷民事案件适用法律若干问题的规定	320	司法解释	民事	3099000	ff8081817b96971c017b9bb65eb013bb
人民法院在线诉讼规则	320	司法解释	程序	3100500	ff8081817b969375017b9bb46a9a0d4a
最高人民法院关于知识产权侵权诉讼中被告以原告滥用权利为由请求赔偿合理开支问题的批复	320	司法解释	程序	3102000	ff8081817b96962b017b9bb179d50c7e
最高人民法院关于审理银行卡民事纠纷案件若干问题的规定	320	司法解释	民事	3103500	ff8081817b96962b017b9bb009c50c6a
最高人民法院关于上海金融法院案件管辖的规定	320	司法解释	程序	3105000	ff8081817b96962b017b9bad853d0c51
最高人民法院关于办理行政申请再审案件若干问题的规定	320	司法解释	民事	3106500	ff8081817b969375017b9ba43b3d0a2f
最高人民法院关于正确确定县级以上地方人民政府行政诉讼被告资格若干问题的规定	320	司法解释	程序	3108000	ff8081817b96962b017b9ba2bc640a13
最高人民法院关于审理国家赔偿案件确定精神损害赔偿责任适用法律若干问题的解释	320	司法解释	民事	3109500	ff8081817b96962b017b9b97adfd09f5
最高人民法院关于北京金融法院案件管辖的规定	320	司法解释	程序	3111000	ff8081817b96971c017b9ba5934011b6
最高人民法院关于适用《中华人民共和国刑事诉讼法》的解释	320	司法解释	刑事	3112500	ff8081817b969375017b9b912cd009dc
最高人民法院关于适用《中华人民共和国民法典》有关担保制度的解释	320	司法解释	民事	3114000	ff80808177e757ac01780077d2291b77
最高人民法院关于适用《中华人民共和国公司法》若干问题的规定（五）	320	司法解释	民事	3115500	ff808181799df4000179ac1ef1b1115c
最高人民法院关于审理生态环境损害赔偿案件的若干规定（试行）	320	司法解释	民事	3117000	ff808181799df4000179b0a035fe1845
最高人民法院关于适用《中华人民共和国企业破产法》若干问题的规定（三）	320	司法解释	民事	3118500	ff808181799df6140179ac2131981a99
最高人民法院关于人民法院能否对信用证开证保证金采取冻结和扣划措施问题的规定	320	司法解释	民事	3120000	ff80818179f5d52f0179fa46346c06e2
最高人民法院关于执行和解若干问题的规定	320	司法解释	民事	3121500	ff80818179f5d2480179fa51516904a9
最高人民法院关于审理侵害植物新品种权纠纷案件具体应用法律问题的若干规定	320	司法解释	民事	3123000	ff808181799df6140179ad19687b21c1
最高人民法院关于人民法院受理申请承认外国法院离婚判决案件有关问题的规定	320	司法解释	民事	3124500	ff808181799def980179b101e79619c9
最高人民法院关于诉讼代理人查阅民事案件材料的规定	320	司法解释	程序	3126000	ff808181799df6140179b1aef3202f6b
最高人民法院关于依据国际公约和双边司法协助条约办理民商事案件司法文书送达和调查取证司法协助请求的规定	320	司法解释	程序	3127500	ff808181799def980179b1b091a01b62
最高人民法院关于审理注册商标、企业名称与在先权利冲突的民事纠纷案件若干问题的规定	320	司法解释	民事	3129000	ff808181799def980179ad228936148a
最高人民法院关于审理植物新品种纠纷案件若干问题的解释	320	司法解释	民事	3130500	ff808181799def980179ad20e02a1488
最高人民法院关于人民法院对注册商标权进行财产保全的解释	320	司法解释	民事	3132000	ff808181799df4000179ad132b9c13ac
最高人民法院关于审理涉及驰名商标保护的民事纠纷案件应用法律若干问题的解释	320	司法解释	民事	3133500	ff808181799df6140179ad1d60f82220
最高人民法院关于审理商标民事纠纷案件适用法律若干问题的解释	320	司法解释	民事	3135000	ff808181799df6140179ad1b6bba2206
最高人民法院关于人民法院民事执行中查封、扣押、冻结财产的规定	320	司法解释	民事	3136500	ff80818179f5d3e70179fa4136fb0457
最高人民法院关于执行担保若干问题的规定	320	司法解释	民事	3138000	ff80818179f5d52f0179fa4f8c9c072d
最高人民法院关于适用简易程序审理民事案件的若干规定	320	司法解释	民事	3139500	ff808181799df4000179b1ad2c591ae4
最高人民法院关于审理涉及计算机网络域名民事纠纷案件适用法律若干问题的解释	320	司法解释	民事	3141000	ff808181799def980179ad1e265c1462
最高人民法院关于适用《中华人民共和国保险法》若干问题的解释（四）	320	司法解释	民事	3142500	ff808181799def980179ac050b09116a
最高人民法院关于审理医疗损害责任纠纷案件适用法律若干问题的解释	320	司法解释	民事	3144000	ff808181799df4000179b0a6f0ae1888
最高人民法院关于审理侵害信息网络传播权民事纠纷案件适用法律若干问题的规定	320	司法解释	民事	3145500	ff808181799def980179ad1863301415
最高人民法院关于人民法院民事执行中拍卖、变卖财产的规定	320	司法解释	民事	3147000	ff80818179f5d2480179fa42df9c0461
最高人民法院关于人民法院执行工作若干问题的规定（试行）	320	司法解释	民事	3148500	ff80818179f5d52f0179fa47e5ed06ef
最高人民法院关于适用《中华人民共和国民事诉讼法》审判监督程序若干问题的解释	320	司法解释	程序	3150000	ff808181799def980179b1ab569c1b33
最高人民法院关于适用《中华人民共和国民事诉讼法》执行程序若干问题的解释	320	司法解释	程序	3151500	ff80818179f5d2480179fa4c0ccb0492
最高人民法院关于委托执行若干问题的规定	320	司法解释	民事	3153000	ff80818179f5d3e70179fa4da97e04c5
最高人民法院关于中国公民申请承认外国法院离婚判决程序问题的规定	320	司法解释	民事	3154500	ff808181799df6140179b1b2d5932f91
最高人民法院关于审理著作权民事纠纷案件适用法律若干问题的解释	320	司法解释	民事	3156000	ff808181799df4000179ad239f441454
最高人民法院关于审理民间借贷案件适用法律若干问题的规定	320	司法解释	民事	3157500	ff808181799df4000179b0988b7717e5
最高人民法院关于人民法院民事调解工作若干问题的规定	320	司法解释	程序	3159000	ff808181799df4000179b0ffcd7a1965
最高人民法院关于审理涉及国有土地使用权合同纠纷案件适用法律问题的解释	320	司法解释	民事	3160500	ff808181799df4000179b09d7fb4181e
最高人民法院关于审理期货纠纷案件若干问题的规定（二）	320	司法解释	民事	3162000	ff808181799df4000179abe90d9f1091
最高人民法院关于人民法院办理执行异议和复议案件若干问题的规定	320	司法解释	民事	3163500	ff80818179f5d2480179fa3b2d930427
最高人民法院关于审理买卖合同纠纷案件适用法律问题的解释	320	司法解释	民事	3165000	ff808181799def980179b09685cf1802
最高人民法院关于审理海事赔偿责任限制相关纠纷案件的若干规定	320	司法解释	民事	3166500	ff808181799df6140179abe49b221924
最高人民法院关于审理海上货运代理纠纷案件若干问题的规定	320	司法解释	民事	3168000	ff808181799df6140179abe28813190c
最高人民法院关于审理存单纠纷案件的若干规定	320	司法解释	民事	3169500	ff808181799df4000179abdd151e0ffe
最高人民法院关于民事执行中财产调查若干问题的规定	320	司法解释	民事	3171000	ff80818179f5d2480179fa3186d503e4
最高人民法院关于适用《中华人民共和国保险法》若干问题的解释（二）	320	司法解释	民事	3172500	ff808181799def980179ac02b05c115a
最高人民法院关于审理物业服务纠纷案件适用法律若干问题的解释	320	司法解释	民事	3174000	ff808181799def980179b0a439a318c3
最高人民法院关于产品侵权案件的受害人能否以产品的商标所有人为被告提起民事诉讼的批复	320	司法解释	程序	3175500	ff808181799df4000179b0e06b071912
最高人民法院关于审理涉及农村土地承包经营纠纷调解仲裁案件适用法律若干问题的解释	320	司法解释	程序	3177000	ff808181799def980179b09e4de11866
最高人民法院关于确定民事侵权精神损害赔偿责任若干问题的解释	320	司法解释	民事	3178500	ff808181799df6140179abacd81117d3
最高人民法院关于审理船舶碰撞和触碰案件财产损害赔偿的规定	320	司法解释	民事	3180000	ff808181799df4000179abb59e1d0f70
最高人民法院关于国有土地开荒后用于农耕的土地使用权转让合同纠纷案件如何适用法律问题的批复	320	司法解释	民事	3181500	ff808181799df6140179aba907b0179b
最高人民法院关于审理利用信息网络侵害人身权益民事纠纷案件适用法律若干问题的规定	320	司法解释	民事	3183000	ff808181799df6140179b094a0622b0f
最高人民法院关于法院冻结财产的户名与账号不符银行能否自行解冻的请示的答复	320	司法解释	民事	3184500	ff80818179f5d3e70179fa2e402703b2
最高人民法院关于审理民事案件适用诉讼时效制度若干问题的规定	320	司法解释	程序	3186000	ff808181799def980179b09931031825
最高人民法院关于审理旅游纠纷案件适用法律若干问题的规定	320	司法解释	民事	3187500	ff808181799df4000179b095de1617d5
最高人民法院关于审理海上保险纠纷案件若干问题的规定	320	司法解释	民事	3189000	ff808181799df6140179abe178691908
最高人民法院关于审理船舶油污损害赔偿纠纷案件若干问题的规定	320	司法解释	民事	3190500	ff808181799df6140179abdc12cd18c3
最高人民法院关于债务人在约定的期限届满后未履行债务而出具没有还款日期的欠款条诉讼时效期间应从何时开始计算问题的批复	320	司法解释	程序	3192000	ff808181799df4000179b0a9a81f18c0
最高人民法院关于适用《中华人民共和国保险法》若干问题的解释（三）	320	司法解释	民事	3193500	ff808181799df4000179ac03d7f21115
最高人民法院关于审理环境民事公益诉讼案件适用法律若干问题的解释	320	司法解释	程序	3195000	ff808181799df6140179b19c2f172ed4
最高人民法院关于人民法院办理财产保全案件若干问题的规定	320	司法解释	民事	3196500	ff80818179f5d3e70179fa38437303ef
最高人民法院关于在民事审判工作中适用《中华人民共和国工会法》若干问题的解释	320	司法解释	劳动	3198000	ff808181799df4000179b0a7f8d31899
最高人民法院关于适用《中华人民共和国企业破产法》若干问题的规定（二）	320	司法解释	民事	3199500	ff808181799df4000179ac1fec26115e
最高人民法院关于审理无正本提单交付货物案件适用法律若干问题的规定	320	司法解释	民事	3201000	ff808181799def980179abf2930e1131
最高人民法院关于审理外商投资企业纠纷案件若干问题的规定（一）	320	司法解释	民事	3202500	ff808181799def980179abf175a81122
最高人民法院关于审理城镇房屋租赁合同纠纷案件具体应用法律若干问题的解释	320	司法解释	民事	3204000	ff808181799df4000179b08eafc8176e
最高人民法院关于当事人申请承认澳大利亚法院出具的离婚证明书人民法院应否受理问题的批复	320	司法解释	民事	3205500	ff808181799df6140179b0e257122c76
最高人民法院关于对被执行人存在银行的凭证式国库券可否采取执行措施问题的批复	320	司法解释	民事	3207000	ff80818179f5d3e70179fa27047a0385
最高人民法院关于审理涉及公证活动相关民事案件的若干规定	320	司法解释	民事	3208500	ff808181799df6140179b19faeb22f06
最高人民法院关于审理商品房买卖合同纠纷案件适用法律若干问题的解释	320	司法解释	民事	3210000	ff808181799def980179b09c45801846
最高人民法院关于审理期货纠纷案件若干问题的规定	320	司法解释	民事	3211500	ff808181799df6140179abed9ceb1977
最高人民法院关于审理票据纠纷案件若干问题的规定	320	司法解释	民事	3213000	ff808181799df4000179abe7d93f1081
最高人民法院关于审理建筑物区分所有权纠纷案件适用法律若干问题的解释	320	司法解释	民事	3214500	ff808181799df6140179b092ef2d2af9
最高人民法院关于审理技术合同纠纷案件适用法律若干问题的解释	320	司法解释	民事	3216000	ff808181799df6140179ad1612e52172
最高人民法院关于审理侵犯专利权纠纷案件应用法律若干问题的解释（二）	320	司法解释	民事	3217500	ff808181799df6140179ad1751a3218f
最高人民法院关于审理消费民事公益诉讼案件适用法律若干问题的解释	320	司法解释	程序	3219000	ff808181799df6140179b1a8446c2f23
最高人民法院关于民事执行中变更、追加当事人若干问题的规定	320	司法解释	民事	3220500	ff80818179f5d52f0179fa3029fe0647
最高人民法院关于审理独立保函纠纷案件若干问题的规定	320	司法解释	民事	3222000	ff808181799df4000179abddf50b100d
最高人民法院关于审理商标授权确权行政案件若干问题的规定	320	司法解释	民事	3223500	ff808181799df6140179ad1c561b220e
最高人民法院关于审理与企业改制相关的民事纠纷案件若干问题的规定	320	司法解释	民事	3225000	ff808181799df4000179ac01d01610f3
最高人民法院关于审理涉台民商事案件法律适用问题的规定	320	司法解释	民事	3226500	ff808181799df6140179abf043c71983
最高人民法院关于审理船舶碰撞纠纷案件若干问题的规定	320	司法解释	民事	3228000	ff808181799df6140179abd986f3189b
最高人民法院关于破产企业国有划拨土地使用权应否列入破产财产等问题的批复	320	司法解释	民事	3229500	ff808181799df6140179abb37ad417fb
最高人民法院关于适用《中华人民共和国民法典》时间效力的若干规定	320	司法解释	民事	3231000	ff80808177e757ac017800561d541abb
最高人民法院关于审理建设工程施工合同纠纷案件适用法律问题的解释（一）	320	司法解释	民事	3232500	ff80808177e757ac0178006f0efe1b55
最高人民法院关于新民间借贷司法解释适用范围问题的批复	320	司法解释	民事	3234000	ff80808177e757ac0178007509c71b64
最高人民法院关于涉外民事或商事案件司法文书送达问题若干规定	320	司法解释	程序	3235500	ff808181799df6140179b104dcd12d36
最高人民法院关于审理军队、武警部队、政法机关移交、撤销企业和与党政机关脱钩企业相关纠纷案件若干问题的规定	320	司法解释	民事	3237000	ff808181799df4000179abe5546e106b
最高人民法院关于审理道路交通事故损害赔偿案件适用法律若干问题的解释	320	司法解释	民事	3238500	ff808181799def980179b09032ff17a9
最高人民法院关于审理铁路运输损害赔偿案件若干问题的解释	320	司法解释	民事	3240000	ff808181799df4000179b0a39dd9186d
最高人民法院关于对林业行政机关依法作出具体行政行为申请人民法院强制执行问题的复函	320	司法解释	民事	3241500	ff80818179f5d52f0179fa2b925e062c
最高人民法院关于对与证券交易所监管职能相关的诉讼案件管辖与受理问题的规定	320	司法解释	程序	3243000	ff808181799df6140179b0ea85ae2cb2
最高人民法院关于审理民事级别管辖异议案件若干问题的规定	320	司法解释	程序	3244500	ff808181799df6140179b0ec79832cb7
最高人民法院关于对因资不抵债无法继续办学被终止的民办学校如何组织清算问题的批复	320	司法解释	民事	3246000	ff808181799df4000179aba99ba00f43
最高人民法院关于审理涉及农村土地承包纠纷案件适用法律问题的解释	320	司法解释	民事	3247500	ff808181799df6140179b09f77092b8e
最高人民法院关于适用《中华人民共和国公司法》若干问题的规定（四）	320	司法解释	民事	3249000	ff808181799df4000179ac08cb701145
最高人民法院关于涉外民商事案件诉讼管辖若干问题的规定	320	司法解释	程序	3250500	ff808181799df4000179b103965d1989
最高人民法院关于审理融资租赁合同纠纷案件适用法律问题的解释	320	司法解释	民事	3252000	ff808181799df6140179b09b45d92b5e
最高人民法院关于商标法修改决定施行后商标案件管辖和法律适用问题的解释	320	司法解释	程序	3253500	ff808181799df6140179ad144759213e
最高人民法院关于适用《中华人民共和国公司法》若干问题的规定（三）	320	司法解释	民事	3255000	ff808181799def980179ac07a9ca117c
最高人民法院关于适用《中华人民共和国公司法》若干问题的规定（二）	320	司法解释	民事	3256500	ff808181799df6140179ac069a281a27
最高人民法院关于在审理经济纠纷案件中涉及经济犯罪嫌疑若干问题的规定	320	司法解释	刑事	3258000	ff808181799df6140179b0a8a0272bec
最高人民法院关于审理信用证纠纷案件若干问题的规定	320	司法解释	民事	3259500	ff808181799df4000179abf4798310d4
最高人民法院关于审理商标案件有关管辖和法律适用范围问题的解释	320	司法解释	程序	3261000	ff808181799df6140179ad1ab03821fa
最高人民法院关于人民法院扣押铁路运输货物若干问题的规定	320	司法解释	民事	3262500	ff80818179f5d2480179fa3ea0250437
最高人民法院关于北京、上海、广州知识产权法院案件管辖的规定	320	司法解释	程序	3264000	ff808181799df6140179ac2750531acc
最高人民法院关于适用《中华人民共和国民法典》物权编的解释（一）	320	司法解释	民事	3265500	ff80808177e75f880178006e5ae91ae3
最高人民法院关于适用《中华人民共和国民法典》继承编的解释（一）	320	司法解释	民事	3267000	ff80808177e75f880178006a30861ac3
最高人民法院关于适用《中华人民共和国民法典》婚姻家庭编的解释（一）	320	司法解释	民事	3268500	ff80808177e75f880178006736f21aaf
最高人民法院关于审理专利纠纷案件适用法律问题的若干规定	320	司法解释	民事	3270000	ff808181799df4000179ad2437231456
最高人民法院关于审理劳动争议案件适用法律问题的解释（一）	320	司法解释	劳动	3271500	ff80808177e75f88017800739d621b12
最高人民法院关于审理食品安全民事纠纷案件适用法律若干问题的解释（一）	320	司法解释	民事	3273000	ff808081777d07c50177d837054c61da
最高人民法院关于内地与香港特别行政区相互执行仲裁裁决的补充安排	320	司法解释	程序	3274500	ff808081777d07c50177d832c7d861c5
最高人民法院关于知识产权民事诉讼证据的若干规定	320	司法解释	程序	3276000	ff808081777d07c50177cdb330855510
最高人民法院关于审理涉船员纠纷案件若干问题的规定	320	司法解释	民事	3277500	ff808081777d07c50177cdb0af7054f8
最高人民法院关于涉网络知识产权侵权纠纷几个法律适用问题的批复	320	司法解释	民事	3279000	ff808081777d07c50177cda8bd0354b9
最高人民法院关于审理侵犯商业秘密民事案件适用法律若干问题的规定	320	司法解释	民事	3280500	ff808081777d0c940177ccf1bb924e92
最高人民法院关于审理专利授权确权行政案件适用法律若干问题的规定（一）	320	司法解释	民事	3282000	ff808081777d07c50177cda5e1bd54ae
最高人民法院关于证券纠纷代表人诉讼若干问题的规定	320	司法解释	程序	3283500	ff808081777d07c50177cce25a2d5386
最高人民法院关于人民法院司法警察依法履行职权的规定	320	司法解释	民事	3285000	ff808081777d07c50177cce022c5537e
最高人民法院关于行政机关负责人出庭应诉若干问题的规定	320	司法解释	民事	3286500	ff808081777d07c50177ccdced10536c
最高人民法院关于内地与澳门特别行政区法院就民商事案件相互委托送达司法文书和调取证据的安排	320	司法解释	程序	3288000	ff808081777d0c940177ccd7ae4a4e2b
最高人民法院关于适用《中华人民共和国外商投资法》若干问题的解释	320	司法解释	民事	3289500	ff808081777d0c940177d7dd0cdb59bb
最高人民法院关于民事诉讼证据的若干规定	320	司法解释	程序	3291000	ff808081777d0c940177ccd29d894ded
最高人民法院关于审理行政协议案件若干问题的规定	320	司法解释	民事	3292500	ff8080816f3cbb3c016f402ac5580116
最高人民法院关于审理走私、非法经营、非法使用兴奋剂刑事案件适用法律若干问题的解释	320	司法解释	刑事	3294000	ff8080816f3e9784016f41da49ed00cb
最高人民法院关于内地与香港特别行政区法院就仲裁程序相互协助保全的安排	320	司法解释	程序	3295500	ff8080816f3e9784016f41e6bc59016a
最高人民法院关于死刑复核及执行程序中保障当事人合法权益的若干规定	320	司法解释	程序	3297000	ff8080816f3cbb3c016f401d3d2700b5
最高人民法院关于办理减刑、假释案件具体应用法律的补充规定	320	司法解释	民事	3298500	2c90e5ba6a291d8f016c6b1756613a05
最高人民法院关于适用《中华人民共和国人民陪审员法》若干问题的解释	320	司法解释	民事	3300000	ff8080816f3e98bd016f41d0af1600c5
最高人民法院关于严格规范民商事案件延长审限和延期开庭问题的规定	320	司法解释	民事	3301500	ff8080816f3e98bd016f41f31e9e0219
最高人民法院关于技术调查官参与知识产权案件诉讼活动的若干规定	320	司法解释	程序	3303000	ff8080816f3e9784016f41f7a0640228
最高人民法院关于审查知识产权纠纷行为保全案件适用法律若干问题的规定	320	司法解释	民事	3304500	ff8080816f3e98bd016f41f4fc6a0228
最高人民法院关于公证债权文书执行若干问题的规定	320	司法解释	民事	3306000	2c90e5bb65c68cfd0167f2f641544f92
最高人民法院关于互联网法院审理案件若干问题的规定	320	司法解释	民事	3307500	2c90e5ba65c68cf70167f2e544ff5012
最高人民法院关于人民法院确定财产处置参考价若干问题的规定	320	司法解释	民事	3309000	2c90e5bb65c68cfd0167f2d419504eef
最高人民法院关于仲裁机构“先予仲裁”裁决或者调解书立案、执行等法律适用问题的批复	320	司法解释	程序	3310500	2c90e5bb65c68cfd0167f25faae04d51
最高人民法院关于人民法院通过互联网公开审判流程信息的规定	320	司法解释	民事	3312000	2c90e5ba65c68cf70167f2d2b42c4fcd
最高人民法院关于人民法院办理仲裁裁决执行案件若干问题的规定	320	司法解释	程序	3313500	2c90e5bb65c68cfd0167f2d6dcdb4ef7
最高人民法院关于适用《中华人民共和国行政诉讼法》的解释	320	司法解释	程序	3315000	2c90e5ba65c68cf70167f29d0e604ec4
最高人民法院关于审理海洋自然资源与生态环境损害赔偿纠纷案件若干问题的规定	320	司法解释	民事	3316500	2c90e5bb65c68cfd0167f2e8d0464f48
最高人民法院关于审理仲裁司法审查案件若干问题的规定	320	司法解释	程序	3318000	2c90e5bb65c68cfd0167f2b56b244e4b
最高人民法院关于行政申请再审案件立案程序的规定	320	司法解释	民事	3319500	ff808081777d0c940177ce4371685184
最高人民法院关于因申请诉中财产保全损害责任纠纷管辖问题的批复	320	司法解释	程序	3321000	402881e45ffbbe41015ffc02a07403c0
最高人民法院关于国家赔偿监督程序若干问题的规定	320	司法解释	民事	3322500	402881e45ffbbe41015ffbfb1dab0341
最高人民法院关于公布失信被执行人名单信息的若干规定	320	司法解释	民事	3324000	402881e45ffbbe41015ffbf8911a030d
最高人民法院关于内地与香港特别行政区法院就民商事案件相互委托提取证据的安排	320	司法解释	程序	3325500	402881e45ffbbe41015ffbf2ff880294
最高人民法院关于人民法院庭审录音录像的若干规定	320	司法解释	民事	3327000	402881e45ffbbe41015ffbf5143f02c4
最高人民法院关于巡回法庭审理案件若干问题的规定	320	司法解释	民事	3328500	402881e45ffbbe41015ffbe5805401d0
最高人民法院关于审理拐卖妇女儿童犯罪案件具体应用法律若干问题的解释	320	司法解释	刑事	3330000	402881e45ffbbe41015ffbe2373b01a4
关于审理非法行医刑事案件具体应用法律若干问题的解释	320	司法解释	刑事	3331500	402881e45ffbbe41015ffbe08b7c0185
最高人民法院关于办理减刑、假释案件具体应用法律的规定	320	司法解释	民事	3333000	402881e45ffbbe41015ffbda85700121
最高人民法院关于审理民事、行政诉讼中司法赔偿案件适用法律若干问题的解释	320	司法解释	程序	3334500	402881e45ffbbe41015ffbd6ca3300dc
最高人民法院关于人民法院在互联网公布裁判文书的规定	320	司法解释	民事	3336000	ff8081818a1cb546018ad025f56c21bf
最高人民法院关于人民法院网络司法拍卖若干问题的规定	320	司法解释	民事	3337500	402881e45ffbbe41015ffbd41c8700b2
最高人民法院关于审理发生在我国管辖海域相关案件若干问题的规定（一）	320	司法解释	程序	3339000	402881e45ffbbe41015ffbcf2a34007b
最高人民法院关于审理发生在我国管辖海域相关案件若干问题的规定（二）	320	司法解释	程序	3340500	402881e45ffbbe41015ffbd2fca8009c
最高人民法院关于人身安全保护令案件相关程序问题的批复	320	司法解释	民事	3342000	402881e45ffbbe41015ffbcdf9e2006d
最高人民法院关于人民法院特邀调解的规定	320	司法解释	程序	3343500	402881e45ffbbe41015ffbcd0810005f
最高人民法院关于适用刑事诉讼法第二百二十五条第二款有关问题的批复	320	司法解释	刑事	3345000	402881e45ffbbe41015ffbcc11f50051
最高人民法院关于人民法院办理接收在台湾地区服刑的大陆居民回大陆服刑案件的规定	320	司法解释	民事	3346500	402881e45ffbbe41015ffbc9f42f0043
最高人民法院关于修改《中华人民共和国人民法院法庭规则》的决定	320	司法解释	民事	3348000	402881e45ffbbe41015ffbc09d8e000a
最高人民法院关于首先查封法院与优先债权执行法院处分查封财产有关问题的批复	320	司法解释	民事	3349500	402881e45ffb5c4c015ffb96150f0513
最高人民法院关于审理毒品犯罪案件适用法律若干问题的解释	320	司法解释	刑事	3351000	402881e45ffbbe41015ffbc248e20019
最高人民法院关于海事法院受理案件范围的规定	320	司法解释	民事	3352500	402881e45ffb5c4c015ffb932a8504c4
最高人民法院关于海事诉讼管辖问题的规定	320	司法解释	程序	3354000	402881e45ffb5c4c015ffb8fea430485
最高人民法院关于对人民法院终结执行行为提出执行异议期限问题的批复	320	司法解释	民事	3355500	402881e45ffb5c4c015ffb9161a104a0
最高人民法院关于《中华人民共和国刑法修正案（九）》时间效力问题的解释	320	司法解释	刑事	3357000	402881e45ffb5c4c015ffb75b374026a
最高人民法院关于限制被执行人高消费及有关消费的若干规定	320	司法解释	民事	3358500	402881e45ffb5c4c015ffb72a8aa0215
最高人民法院关于对上海市高级人民法院等就涉及中国国际经济贸易仲裁委员会及其原分会等仲裁机构所作仲裁裁决司法审查案件请示问题的批复	320	司法解释	程序	3360000	402881e45ffb5c4c015ffb6e4eb201bc
最高人民法院关于认可和执行台湾地区仲裁裁决的规定	320	司法解释	程序	3361500	402881e45ffb5c4c015ffb6c11c90182
最高人民法院关于人民法院登记立案若干问题的规定	320	司法解释	民事	3363000	402881e45ffb5c4c015ffb624c870073
最高人民法院关于扣押与拍卖船舶适用法律若干问题的规定	320	司法解释	民事	3364500	402881e45ffb5c4c015ffb5db269000b
最高人民法院关于民事审判监督程序严格依法适用指令再审和发回重审若干问题的规定	320	司法解释	民事	3366000	402881e45ffb5c4c015ffb5f419e0026
最高人民法院关于海上保险合同的保险人行使代位请求赔偿权利的诉讼时效期间起算日的批复	320	司法解释	程序	3367500	402881e45ffb0c10015ffb475aae024a
最高人民法院关于刑事裁判涉财产部分执行的若干规定	320	司法解释	刑事	3369000	402881e45ffb0c10015ffb410e7b01f1
最高人民法院关于执行程序中计算迟延履行期间的债务利息适用法律若干问题的解释	320	司法解释	程序	3370500	402881e45ffb0c10015ffb34c3b40120
最高人民法院关于人民法院赔偿委员会依照《中华人民共和国国家赔偿法》第三十条规定纠正原生效的赔偿委员会决定应如何适用人身自由赔偿标准问题的批复	320	司法解释	民事	3372000	402881e45ffb0c10015ffb3256b900f8
最高人民法院关于审理工伤保险行政案件若干问题的规定	320	司法解释	劳动	3373500	402881e45ffb0c10015ffb372f4c014f
最高人民法院关于减刑、假释案件审理程序的规定	320	司法解释	民事	3375000	402881e45ffb0c10015ffb2db4cb00c1
最高人民法院关于适用《中华人民共和国公司法》若干问题的规定（一）	320	司法解释	民事	3376500	ff8081818a1cb709018acf819b8f452f
最高人民法院关于人民法院赔偿委员会适用质证程序审理国家赔偿案件的规定	320	司法解释	民事	3378000	402881e45ffbbe41015ffc4b4d6f091d
最高人民法院关于适用刑法第六十四条有关问题的批复	320	司法解释	刑事	3379500	402881e45ffff9500160003a9507025d
最高人民法院关于审理编造、故意传播虚假恐怖信息刑事案件适用法律若干问题的解释	320	司法解释	刑事	3381000	402881e45ffbbe41015ffc816efb0e53
最高人民法院关于人事争议申请仲裁的时效期间如何计算的批复	320	司法解释	劳动	3382500	402881e45ffff95001600055c01c0494
最高人民法院关于网络查询、冻结被执行人存款的规定	320	司法解释	民事	3384000	402881e46000e279016001c76ad10b2d
最高人民法院关于人民法院办理自赔案件程序的规定	320	司法解释	民事	3385500	402881e45ffbbe41015ffc469a11089a
最高人民法院关于海事法院可否适用小额诉讼程序问题的批复	320	司法解释	程序	3387000	402881e45ffff950016000b49abc0b1c
最高人民法院关于审理出口信用保险合同纠纷案件适用相关法律问题的批复	320	司法解释	民事	3388500	402881e45ffff95001600032a45601bd
最高人民法院关于违法的建筑物、构筑物、设施等强制拆除问题的批复	320	司法解释	民事	3390000	402881e45ffbbe41015ffc6061730b53
最高人民法院关于审理拒不支付劳动报酬刑事案件适用法律若干问题的解释	320	司法解释	劳动	3391500	402881e45ffbbe41015ffc9927c51085
最高人民法院关于修改后的民事诉讼法施行时未结案件适用法律若干问题的规定	320	司法解释	程序	3393000	402881e46000e279016001d4614e0c43
最高人民法院关于个人独资企业清算是否可以参照适用企业破产法规定的破产清算程序的批复	320	司法解释	程序	3394500	402881e45ffff950016000b3a8e20b0e
最高人民法院关于审理破坏草原资源刑事案件应用法律若干问题的解释	320	司法解释	刑事	3396000	402881e45ffbbe41015ffca1ebab111d
最高人民法院关于铁路运输法院案件管辖范围的若干规定	320	司法解释	程序	3397500	402881e46000e279016001c61ac10b0f
最高人民法院关于税务机关就破产企业欠缴税款产生的滞纳金提起的债权确认之诉应否受理问题的批复	320	司法解释	民事	3399000	402881e46000e279016001be25130a5a
最高人民法院关于在裁判文书中如何表述修正前后刑法条文的批复	320	司法解释	刑事	3400500	402881e45ffff9500160005baca004f9
最高人民法院关于办理申请人民法院强制执行国有土地上房屋征收补偿决定案件若干问题的规定	320	司法解释	民事	3402000	402881e45ffbbe41015ffc10cc420487
最高人民法院关于国家赔偿案件立案工作的规定	320	司法解释	民事	3403500	402881e45ffbbe41015ffc2f598706ad
最高人民法院关于审理人民检察院按照审判监督程序提出的刑事抗诉案件若干问题的规定	320	司法解释	刑事	3405000	402881e46000e279016001ac9e5408df
最高人民法院关于适用《中华人民共和国企业破产法》若干问题的规定（一）	320	司法解释	民事	3406500	402881e45ffbbe41015ffbf0370a025c
最高人民法院关于人民法院委托评估、拍卖工作的若干规定	320	司法解释	民事	3408000	402881e46000e279016001771425053f
最高人民法院关于审理涉及农村集体土地行政案件若干问题的规定	320	司法解释	民事	3409500	402881e45ffbbe41015ffc58bde10a99
最高人民法院关于人民法院办理海峡两岸送达文书和调查取证司法互助案件的规定	320	司法解释	程序	3411000	402881e46005230d016005b4fd240796
最高人民法院关于审判人员在诉讼活动中执行回避制度若干问题的规定	320	司法解释	程序	3412500	402881e46000e279016001ac1fbc08ca
最高人民法院关于审理破坏广播电视设施等刑事案件具体应用法律若干问题的解释	320	司法解释	刑事	3414000	402881e45ffff9500160000422c60009
最高人民法院关于死刑缓期执行限制减刑案件审理程序若干问题的规定	320	司法解释	民事	3415500	402881e45ffff9500160004cea040392
最高人民法院关于《中华人民共和国刑法修正案(八)》时间效力问题的解释	320	司法解释	刑事	3417000	402881e45ffb0c10015ffb17f6e40017
最高人民法院关于人民调解协议司法确认程序的若干规定	320	司法解释	程序	3418500	402881e46000e27901600188eaeb069b
最高人民法院关于人民法院赔偿委员会审理国家赔偿案件程序的规定	320	司法解释	民事	3420000	402881e45ffbbe41015ffc49b92708f4
最高人民法院关于适用《中华人民共和国国家赔偿法》若干问题的解释（一）	320	司法解释	民事	3421500	402881e45ffbbe41015ffc5df8840b08
最高人民法院关于判决生效后当事人将判决确认的债权转让债权受让人对该判决不服提出再审申请人民法院是否受理问题的批复	320	司法解释	民事	3423000	402881e46000e2790160015caf7102e3
最高人民法院关于审理房屋登记案件若干问题的规定	320	司法解释	民事	3424500	402881e45ffbbe41015ffc53ea7e0a15
最高人民法院关于审理伪造货币等案件具体应用法律若干问题的解释（二）	320	司法解释	民事	3426000	402881e45ffff950016000299c9f0143
最高人民法院关于对被判处死刑的被告人未提出上诉、共同犯罪的部分被告人或者附带民事诉讼原告人提出上诉的案件应适用何种程序审理的批复	320	司法解释	刑事	3427500	402881e46000e279016001cc12aa0b7e
最高人民法院关于进一步加强合议庭职责的若干规定	320	司法解释	民事	3429000	402881e46000e279016001be3c7e0a62
最高人民法院关于审理侵犯专利权纠纷案件应用法律若干问题的解释	320	司法解释	民事	3430500	402881e46000e2790160017031bc04b0
最高人民法院关于审理行政许可案件若干问题的规定	320	司法解释	民事	3432000	402881e45ffbbe41015ffc574cd10a68
最高人民法院关于审理非法制造、买卖、运输枪支、弹药、爆炸物等刑事案件具体应用法律若干问题的解释	320	司法解释	刑事	3433500	402881e45ffff95001600053a7730459
最高人民法院关于人民法院委托评估、拍卖和变卖工作的若干规定	320	司法解释	民事	3435000	402881e46000e2790160017977a50571
最高人民法院关于裁判文书引用法律、法规等规范性法律文件的规定	320	司法解释	民事	3436500	402881e46005230d01600579bbe50435
最高人民法院关于适用《中华人民共和国保险法》若干问题的解释（一）	320	司法解释	民事	3438000	402881e45ffbbe41015ffc0d6e2e0453
最高人民法院关于在执行附加刑剥夺政治权利期间犯新罪应如何处理的批复	320	司法解释	民事	3439500	402881e45ffff9500160006203010573
最高人民法院关于在执行工作中如何计算迟延履行期间的债务利息等问题的批复	320	司法解释	民事	3441000	402881e46005230d0160055624d4017c
最高人民法院关于涉港澳民商事案件司法文书送达问题若干规定	320	司法解释	程序	3442500	402881e46000e2790160019c5f230795
最高人民法院关于债权人对人员下落不明或者财产状况不清的债务人申请破产清算案件如何处理的批复	320	司法解释	民事	3444000	402881e45ffb0c10015ffb445761022e
最高人民法院关于涉台民事诉讼文书送达的若干规定	320	司法解释	程序	3445500	402881e46000e279016001a1080d07f3
最高人民法院关于行政诉讼撤诉若干问题的规定	320	司法解释	程序	3447000	402881e45ffbbe41015ffc3d4bf207b7
最高人民法院关于内地与澳门特别行政区相互认可和执行仲裁裁决的安排	320	司法解释	程序	3448500	402881e46000e279016001547f680224
最高人民法院关于审理危害军事通信刑事案件具体应用法律若干问题的解释	320	司法解释	刑事	3450000	402881e45ffff95001600023a1d800f4
最高人民法院关于审理涉及会计师事务所在审计业务活动中民事侵权赔偿案件的若干规定	320	司法解释	民事	3451500	402881e45ffbbe41015ffc6e05940d12
最高人民法院关于《中华人民共和国企业破产法》施行时尚未审结的企业破产案件适用法律若干问题的规定	320	司法解释	民事	3453000	402881e46000e2790160014bbd21019c
最高人民法院关于审理企业破产案件指定管理人的规定	320	司法解释	民事	3454500	402881e45ffbbe41015ffc787db10da4
最高人民法院关于审理企业破产案件确定管理人报酬的规定	320	司法解释	民事	3456000	402881e45ffbbe41015ffc7d3f420df7
最高人民法院关于统一行使死刑案件核准权有关问题的决定	320	司法解释	民事	3457500	402881e46000e279016001a226ef0819
最高人民法院关于适用《中华人民共和国仲裁法》若干问题的解释	320	司法解释	程序	3459000	402881e46000e279016001b4693f0962
最高人民法院关于内地与澳门特别行政区关于相互认可和执行民商事判决的安排	320	司法解释	民事	3460500	2c90e5ba65c68cf70167f3b1ddfd51cc
最高人民法院关于审理未成年人刑事案件具体应用法律若干问题的解释	320	司法解释	刑事	3462000	402881e45ffff9500160002ea668017d
最高人民法院关于当事人申请财产保全错误造成案外人损失应否承担赔偿责任问题的解释	320	司法解释	民事	3463500	402881e45ffff95001600094eb1908fc
最高人民法院关于如何认定国有控股、参股股份有限公司中的国有公司、企业人员的解释	320	司法解释	民事	3465000	402881e45ffbbe41015ffc7e85620e17
最高人民法院关于银行储蓄卡密码被泄露导致存款被他人骗取引起的储蓄合同纠纷应否作为民事案件受理问题的批复	320	司法解释	民事	3466500	402881e46005230d0160054ff8470095
最高人民法院关于新疆生产建设兵团人民法院案件管辖权问题的若干规定	320	司法解释	程序	3468000	402881e46000e279016001d288b90c27
最高人民法院关于审理破坏公用电信设施刑事案件具体应用法律若干问题的解释	320	司法解释	刑事	3469500	402881e45ffbbe41015ffca3f48c1154
最高人民法院关于依据原告起诉时提供的被告住址无法送达应如何处理问题的批复	320	司法解释	程序	3471000	402881e46005230d01600549e79a0023
最高人民法院关于以法院专递方式邮寄送达民事诉讼文书的若干规定	320	司法解释	程序	3472500	402881e46005230d0160054ed5c40068
最高人民法院关于刑事案件终审判决和裁定何时发生法律效力问题的批复	320	司法解释	刑事	3474000	402881e45ffff95001600050cfa903fe
最高人民法院关于当事人对驳回其申请撤销仲裁裁决的裁定不服而申请再审，人民法院不予受理问题的批复	320	司法解释	程序	3475500	402881e45ffff950016000824ae30840
最高人民法院关于被告人对行为性质的辩解是否影响自首成立问题的批复	320	司法解释	民事	3477000	402881e45ffbbe41015ffc066c6703fd
最高人民法院关于房地产管理机关能否撤销错误的注销抵押登记行为问题的批复	320	司法解释	民事	3478500	2c90e5ba65c68cf70167f3adb31351ba
最高人民法院关于挪用公款犯罪如何计算追诉期限问题的批复	320	司法解释	刑事	3480000	402881e45ffbbe41015ffc6b28ab0cb9
最高人民法院关于人民法院审理事业单位人事争议案件若干问题的规定	320	司法解释	劳动	3481500	402881e45ffff95001600072f47d0686
最高人民法院关于适用《行政复议法》第三十条第一款有关问题的批复	320	司法解释	民事	3483000	402881e45ffbbe41015ffc5b91c70ad3
最高人民法院关于处理涉枪、涉爆申诉案件有关问题的通知	320	司法解释	民事	3484500	402881e46005230d0160054cdb3b0052
最高人民法院关于适用《中华人民共和国海事诉讼特别程序法》若干问题的解释	320	司法解释	程序	3486000	402881e46000e279016001ad832908ed
最高人民法院关于审理反倾销行政案件应用法律若干问题的规定	320	司法解释	民事	3487500	402881e45ffbbe41015ffc52070d09bb
最高人民法院关于审理反补贴行政案件应用法律若干问题的规定	320	司法解释	民事	3489000	402881e45ffbbe41015ffc504eae098a
最高人民法院印发《关于规范人民法院再审立案的若干意见（试行）》的通知	320	司法解释	民事	3490500	402881e46000e2790160018376e3063b
最高人民法院关于审理国际贸易行政案件若干问题的规定	320	司法解释	民事	3492000	402881e45ffbbe41015ffc55498c0a3e
最高人民法院关于行政机关工作人员执行职务致人伤亡构成犯罪的赔偿诉讼程序问题的批复	320	司法解释	刑事	3493500	402881e45ffbbe41015ffc3ac03a0789
最高人民法院关于人民法院合议庭工作的若干规定	320	司法解释	民事	3495000	402881e46005230d016005be3fb70853
最高人民法院关于审理企业破产案件若干问题的规定	320	司法解释	民事	3496500	402881e45ffbbe41015ffc7aabc80dcb
最高人民法院关于行政诉讼证据若干问题的规定	320	司法解释	程序	3498000	402881e45ffbbe41015ffc3ed60e07e0
最高人民法院予以废止的2000年底以前发布的有关司法解释目录（第六批）	320	司法解释	民事	3499500	402881e46005230d0160055e9ccd02af
最高人民法院关于撤销缓刑时罪犯在宣告缓刑前羁押的时间能否折抵刑期问题的批复	320	司法解释	民事	3501000	402881e45ffbbe41015ffc13e6df04cc
最高人民法院人民法院对外委托司法鉴定管理规定	320	司法解释	程序	3502500	402881e46005230d0160056c65c103a0
最高人民法院予以废止的2000年底以前发布的有关司法解释目录（第五批）	320	司法解释	民事	3504000	402881e46005230d0160055a9a340211
最高人民法院关于海关行政处罚案件诉讼管辖问题的解释	320	司法解释	程序	3505500	402881e45ffbbe41015ffc35506e0703
最高人民法院予以废止的2000年底以前发布的有关司法解释目录（第四批）	320	司法解释	民事	3507000	402881e46005230d0160055c9b060271
最高人民法院关于冻结、拍卖上市公司国有股和社会法人股若干问题的规定	320	司法解释	民事	3508500	402881e45ffff9500160009fe56c09e3
最高人民法院关于如何确定沿海、内河货物运输赔偿请求权时效期间问题的批复	320	司法解释	民事	3510000	402881e45ffff9500160004cf4eb039f
最高人民法院关于在国有资本控股、参股的股份有限公司中从事管理工作的人员利用职务便利非法占有本公司财物如何定罪问题的批复	320	司法解释	民事	3511500	ff8080816f3cbb3c016f5bf74ea74378
最高人民法院关于抢劫过程中故意杀人案件如何定罪问题的批复	320	司法解释	民事	3513000	402881e45ffbbe41015ffc71736d0d4d
最高人民法院关于国有资产产权管理行政案件管辖问题的解释	320	司法解释	程序	3514500	402881e45ffbbe41015ffc33273906d5
最高人民法院关于审理为境外窃取、刺探、收买、非法提供国家秘密、情报案件具体应用法律若干问题的解释	320	司法解释	民事	3516000	402881e45ffff950016000265fe7011e
最高人民法院关于人民检察院对不撤销仲裁裁决的民事裁定提出抗诉人民法院应否受理问题的批复	320	司法解释	程序	3517500	402881e46000e279016001821c8b0620
最高人民法院关于适用财产刑若干问题的规定	320	司法解释	民事	3519000	402881e45ffff950016000385859023c
最高人民法院关于审理黑社会性质组织犯罪的案件具体应用法律若干问题的解释	320	司法解释	刑事	3520500	402881e45ffbbe41015ffc93884a1006
最高人民法院关于对变造、倒卖变造邮票行为如何适用法律问题的解释	320	司法解释	民事	3522000	402881e45ffbbe41015ffc1cabd30550
最高人民法院关于购买人使用分期付款购买的车辆从事运输因交通事故造成他人财产损失保留车辆所有权的出卖方不应承担民事责任的批复	320	司法解释	民事	3523500	402881e45ffff950016000b0846f0abc
最高人民法院关于审理抢劫案件具体应用法律若干问题的解释	320	司法解释	民事	3525000	402881e45ffff9500160001c77690089
最高人民法院关于审理交通肇事刑事案件具体应用法律若干问题的解释	320	司法解释	刑事	3526500	402881e45ffbbe41015ffc958ca21039
最高人民法院关于审理单位犯罪案件对其直接负责的主管人员和其他直接责任人员是否区分主犯、从犯问题的批复	320	司法解释	刑事	3528000	402881e45ffbbe41015ffc836d8e0e6a
最高人民法院关于严格执行案件审理期限制度的若干规定	320	司法解释	民事	3529500	402881e46005230d01600583bf8604ca
最高人民法院关于审理伪造货币等案件具体应用法律若干问题的解释	320	司法解释	民事	3531000	402881e45ffff9500160002bb7bb0157
最高人民法院关于如何理解刑法第二百七十二条规定的“挪用本单位资金归个人使用或者借贷给他人”问题的批复	320	司法解释	刑事	3532500	402881e45ffbbe41015ffc7c592e0de1
最高人民法院予以废止的1999年底以前发布的有关司法解释目录（第三批）	320	司法解释	民事	3534000	402881e46005230d01600560dd6602fe
最高人民法院关于国家工作人员利用职务上的便利为他人谋取利益离退休后收受财物行为如何处理问题的批复	320	司法解释	劳动	3535500	402881e45ffbbe41015ffc512c8f09b1
最高人民法院关于对为索取法律不予保护的债务非法拘禁他人行为如何定罪问题的解释	320	司法解释	民事	3537000	402881e45ffbbe41015ffc34d26c06f2
最高人民法院关于人民法院对经劳动争议仲裁裁决的纠纷准予撤诉或驳回起诉后劳动争议仲裁裁决从何时起生效的解释	320	司法解释	劳动	3538500	402881e45ffff9500160007c95e0078b
最高人民法院关于人民检察院对撤销仲裁裁决的民事裁定提起抗诉人民法院应如何处理问题的批复	320	司法解释	程序	3540000	402881e46000e27901600183dc2f0644
最高人民法院关于如何处理人民检察院提出的暂缓执行建议问题的批复	320	司法解释	民事	3541500	402881e46000e2790160018b730b06d1
最高人民法院关于审理贪污、职务侵占案件如何认定共同犯罪几个问题的解释	320	司法解释	刑事	3543000	402881e45ffff95001600020210800c0
最高人民法院关于审理破坏土地资源刑事案件具体应用法律若干问题的解释	320	司法解释	刑事	3544500	402881e45ffff9500160001957d20059
最高人民法院关于审理扰乱电信市场管理秩序案件具体应用法律若干问题的解释	320	司法解释	民事	3546000	402881e45ffff9500160001e878d00ad
最高人民法院关于刑事裁判文书中刑期起止日期如何表述问题的批复	320	司法解释	刑事	3547500	ff8080816f3cbb3c016f5bfe4184438b
最高人民法院关于对受委托管理、经营国有财产人员挪用国有资金行为如何定罪问题的批复	320	司法解释	民事	3549000	402881e45ffbbe41015ffc2e5a700694
最高人民法院关于内地与香港特别行政区相互执行仲裁裁决的安排	320	司法解释	程序	3550500	402881e46000e27901600159ae730297
最高人民法院关于审理拐卖妇女案件适用法律有关问题的解释	320	司法解释	民事	3552000	402881e45ffbbe41015ffc92022a0fd4
最高人民法院关于审理倒卖车票刑事案件有关问题的解释	320	司法解释	刑事	3553500	402881e45ffbbe41015ffc88fce00ed9
最高人民法院关于审理单位犯罪案件具体应用法律有关问题的解释	320	司法解释	刑事	3555000	402881e45ffbbe41015ffc864c3c0eae
最高人民法院关于村民小组组长利用职务便利非法占有公共财物行为如何定性问题的批复	320	司法解释	民事	3556500	402881e45ffbbe41015ffc188aa30504
最高人民法院关于内地与香港特别行政区法院相互委托送达民商事司法文书的安排	320	司法解释	程序	3558000	402881e46000e27901600157d9cf026d
最高人民法院关于超过诉讼时效期间借款人在催款通知单上签字或者盖章的法律效力问题的批复	320	司法解释	程序	3559500	402881e46000e279016001415adb0108
最高人民法院关于当事人对人民法院撤销仲裁裁决的裁定不服申请再审人民法院是否受理问题的批复	320	司法解释	程序	3561000	402881e45ffff950016000858ff10866
最高人民法院关于审理非法出版物刑事案件具体应用法律若干问题的解释	320	司法解释	刑事	3562500	402881e45ffbbe41015ffc8ab1d40f02
最高人民法院关于诉前财产保全几个问题的批复	320	司法解释	民事	3564000	402881e46000e279016001c197a90aa8
最高人民法院关于确认仲裁协议效力几个问题的批复	320	司法解释	程序	3565500	402881e46000e27901600160e0ec033a
最高人民法院关于能否将国有土地使用权折价抵偿给抵押权人问题的批复	320	司法解释	民事	3567000	402881e46000e2790160015b2e3f02bf
最高人民法院关于人民法院不予受理人民检察院单独就诉讼费负担裁定提出抗诉问题的批复	320	司法解释	程序	3568500	402881e46000e279016001627257035a
最高人民法院关于未被续聘的仲裁员在原参加审理的案件裁决书上签名人民法院应当执行该仲裁裁决书的批复	320	司法解释	程序	3570000	402881e46000e279016001cad5a10b63
最高人民法院关于审理骗购外汇、非法买卖外汇刑事案件具体应用法律若干问题的解释	320	司法解释	刑事	3571500	402881e45ffbbe41015ffc9e3aa010c1
最高人民法院关于对怀孕妇女在羁押期间自然流产审判时是否可以适用死刑问题的批复	320	司法解释	民事	3573000	402881e45ffbbe41015ffc2536ae05eb
最高人民法院关于人民法院发现本院作出的诉前保全裁定和在执行程序中作出的裁定确有错误以及人民检察院对人民法院作出的诉前保全裁定提出抗诉人民法院应当如何处理的批复	320	司法解释	程序	3574500	402881e46000e27901600168dc2e03fc
最高人民法院关于审理当事人申请撤销仲裁裁决案件几个具体问题的批复	320	司法解释	程序	3576000	402881e46000e279016001a3e57f084b
最高人民法院关于审理挪用公款案件具体应用法律若干问题的解释	320	司法解释	民事	3577500	402881e45ffbbe41015ffc9bf7e910a1
最高人民法院关于处理自首和立功具体应用法律若干问题的解释	320	司法解释	民事	3579000	402881e45ffbbe41015ffc16e54304ee
最高人民法院关于对故意伤害、盗窃等严重破坏社会秩序的犯罪分子能否附加剥夺政治权利问题的批复	320	司法解释	刑事	3580500	402881e45ffbbe41015ffc204941058b
最高人民法院关于适用刑法第十二条几个问题的解释	320	司法解释	刑事	3582000	402881e45ffff9500160003b310a026e
最高人民法院关于适用刑法时间效力规定若干问题的解释	320	司法解释	刑事	3583500	402881e45ffff9500160003cfecc027c
最高人民法院关于承运人就海上货物运输向托运人、收货人或提单持有人要求赔偿的请求权时效期间的批复	320	司法解释	民事	3585000	402881e46000e2790160013e5aac00e3
最高人民法院行政审判庭关于如何适用国务院国发〔1994〕41号文件有关问题请示的答复	320	司法解释	民事	3586500	402881e45ffbbe41015ffc4f769d0964
最高人民法院关于认真学习宣传贯彻修订的《中华人民共和国刑法》的通知	320	司法解释	刑事	3588000	402881e45ffbbe41015ffc786a0b0d9c
最高人民法院关于民事诉讼委托代理人在执行程序中的代理权限问题的批复	320	司法解释	程序	3589500	402881e46000e27901600146ff74014e
最高人民法院关于废止1979年至1989年间发布的部分司法解释的通知	320	司法解释	民事	3591000	402881e46005230d01600584880504d2
最高人民法院关于实行社会保险的企业破产后各种社会保险统筹费用应缴纳至何时问题的批复	320	司法解释	劳动	3592500	402881e45ffbbe41015ffc12ce2404b5
最高人民法院行政审判庭关于《呼和浩特市废旧金属管理暂行规定》的效力问题的答复	320	司法解释	民事	3594000	402881e45ffbbe41015ffc0b3b740439
最高人民法院行政审判庭关于征收城市排水设施有偿使用费发生纠纷案件受理的答复意见	320	司法解释	民事	3595500	402881e45ffbbe41015ffc6647c00bfe
最高人民法院行政审判庭关于对佳木斯进出口公司第二部诉绥芬河市口岸管理委员会拍卖财产案的答复	320	司法解释	民事	3597000	402881e45ffbbe41015ffc237fcd05d6
最高人民法院办公厅关于转发《国务院法制局关于征收企业专用码头货物港务费具体适用规章问题的复函》的通知	320	司法解释	民事	3598500	402881e45ffbbe41015ffc6a838e0caa
最高人民法院印发《关于人民法院执行〈中华人民共和国国家赔偿法〉几个问题的解释》的通知	320	司法解释	民事	3600000	402881e45ffbbe41015ffc6b86450cca
最高人民法院关于对地下热水的属性及适用法律问题的答复	320	司法解释	民事	3601500	402881e45ffbbe41015ffc1efaae0580
最高人民法院关于对设置圈套诱骗他人参赌又向索还钱财的受骗者施以暴力或暴力威胁的行为应如何定罪问题的批复	320	司法解释	民事	3603000	402881e45ffbbe41015ffc2cab280671
最高人民法院关于人民检察院提出抗诉按照审判监督程序再审维持原裁判的民事、经济、行政案件，人民检察院再次提出抗诉应否受理的问题批复	320	司法解释	民事	3604500	402881e46000e2790160018774e8067a
最高人民法院关于对河道采砂应否缴纳矿产资源补偿费问题的答复	320	司法解释	民事	3606000	402881e45ffbbe41015ffc22681505cd
最高人民法院对《当事人对人民法院强制执行生效具体行政行为的案件提出申诉人民法院应如何受理和处理的请示》的答复	320	司法解释	民事	3607500	402881e45ffbbe41015ffc08745a0416
最高人民法院关于对执行程序中的裁定的抗诉不予受理的批复	320	司法解释	程序	3609000	402881e45ffff950016000aed92b0aa0
最高人民法院关于对“当事人以卫生行政部门不履行法定职责为由提起行政诉讼人民法院应否受理”的答复	320	司法解释	程序	3610500	402881e45ffbbe41015ffc1dfb85055c
最高人民法院研究室关于对在绑架勒索犯罪过程中对同一受害人又有抢劫行为应如何定罪问题的答复	320	司法解释	刑事	3612000	402881e45ffbbe41015ffc3f92dc07f5
最高人民法院关于《中华人民共和国国家赔偿法》溯及力和人民法院赔偿委员会受案范围问题的批复	320	司法解释	民事	3613500	402881e45ffbbe41015ffc0d33f7044b
最高人民法院关于终止地方法院与国外地方法院、司法部门司法协助协议问题的通知	320	司法解释	民事	3615000	402881e46005230d0160056fa14103c0
最高人民法院研究室关于上级人民检察院能否调阅下级人民法院审判卷宗问题的答复	320	司法解释	民事	3616500	402881e46000e279016001b30d940944
最高人民法院关于废止1993年底以前发布的部分司法解释的通知	320	司法解释	民事	3618000	402881e46005230d0160058f58bc05b3
最高人民法院关于当事人对行政机关作出的全民所有制工业企业分立的决定不服提起诉讼人民法院应作为何种行政案件受理问题的复函	320	司法解释	程序	3619500	402881e45ffbbe41015ffc1bf02f0547
最高人民法院关于执行领事条约中对派遣国船舶实行强制措施时保护条款的通知	320	司法解释	民事	3621000	402881e46005230d01600558cf9301cc
最高人民法院关于向居住在外国的我国公民送达司法文书问题的复函	320	司法解释	程序	3622500	402881e46000e279016001ceaec30bc1
最高人民法院关于不服政府或房地产行政主管部门对争执房屋的确权行为提起诉讼人民法院应作何种案件受理问题的函	320	司法解释	程序	3624000	402881e45ffbbe41015ffc1248dd04a7
最高人民法院关于判决宣告后又发现被判刑的犯罪分子的同种漏罪是否实行数罪并罚问题的批复	320	司法解释	刑事	3625500	402881e45ffbbe41015ffc6ee3870d2b
最高人民法院关于《行政诉讼法》施行前法律未规定由法院受理的案件应如何处理的批复	320	司法解释	程序	3627000	402881e45ffbbe41015ffc0a135f042a
最高人民法院关于转发司法部《关于再委托23位香港律师办理公证事务并改变出证方式的通知》的通知	320	司法解释	民事	3628500	402881e46005230d01600566e8e80385
最高人民法院行政审判庭关于乡治安室工作人员执行职务中故意伤害当事人造成的损害乡人民政府应否承担责任问题的电话答复	320	司法解释	民事	3630000	402881e45ffbbe41015ffc61e61d0b77
最高人民法院研究室关于盗用他人长话账号案件如何定性问题的复函	320	司法解释	民事	3631500	402881e45ffbbe41015ffc1b6036052d
最高人民法院行政审判庭关于出售淫秽物品如何计算追溯期限问题的电话答复	320	司法解释	民事	3633000	402881e45ffbbe41015ffc14720004d6
最高人民法院行政审判庭关于公安机关未具法定立案搜查手续对公民进行住宅人身搜查被搜查人提起诉讼人民法院可否按行政案件受理问题的电话答复	320	司法解释	程序	3634500	402881e45ffbbe41015ffc2d1f3c067b
最高人民法院研究室关于申付强诈骗案如何认定诈骗数额问题的电话答复	320	司法解释	民事	3636000	402881e45ffbbe41015ffc8033620e40
最高人民法院研究室关于如何理解“审判的时候怀孕的妇女不适用死刑”问题的电话答复	320	司法解释	民事	3637500	402881e45ffbbe41015ffc7a69410dc3
最高人民法院关于军队离退休干部腾退军产房纠纷法院是否受理的复函	320	司法解释	劳动	3639000	402881e46000e2790160013dcdf100da
最高人民法院关于军队单位作为经济纠纷案件的当事人可否对其银行账户上的存款采取诉讼保全和军队费用能否强行划拨偿还债务问题的批复	320	司法解释	程序	3640500	402881e46000e2790160013cb92700cc
最高人民法院关于第二审人民法院在审理过程中可否对当事人的违法行为径行制裁等问题的批复	320	司法解释	民事	3642000	402881e45ffff9500160009d5b6d09a8
最高人民法院关于第二审人民法院因追加、更换当事人发回重审的民事裁定书上，应如何列当事人问题的批复	320	司法解释	民事	3643500	402881e45ffff9500160009c1f5d098c
最高人民法院研究室关于对再审改判前因犯新罪被加刑的罪犯再审时如何确定执行的刑罚问题的电话答复	320	司法解释	刑事	3645000	402881e45ffbbe41015ffc3e686a07d7
最高人民法院关于审理劳动争议案件诉讼当事人问题的批复	320	司法解释	劳动	3646500	402881e46000e279016001a56615086f
最高人民法院关于被告人亲属主动为被告人退缴赃款应如何处理的批复	320	司法解释	民事	3648000	402881e45ffbbe41015ffc094fba0420
最高人民法院关于执行我国加入的《承认及执行外国仲裁裁决公约》的通知	320	司法解释	程序	3649500	402881e46005230d0160055aa40f0219
最高人民法院关于应当允许检察院派书记员随检察长或检察员出庭支持公诉的通知	320	司法解释	民事	3651000	402881e46000e279016001974ce10737
最高人民法院、公安部关于海事法院审判人员等处理海事案件登外轮问题的通知	320	司法解释	民事	3652500	402881e45ffff950016000b724760b62
最高人民法院研究室关于因错判在服刑期“脱逃”后确有犯罪其错判服刑期限可否与后判刑期折抵问题的电话答复	320	司法解释	刑事	3654000	402881e45ffff950016000555c190487
最高人民法院关于定期宣判的案件人民陪审员因故不能参加审判时可否由审判员开庭宣判问题的批复	320	司法解释	民事	3655500	402881e46000e279016001d0c63b0bf6
最高人民法院　国务院宗教事务局关于寺庙、道观房屋产权归属问题的复函	320	司法解释	民事	3657000	402881e45ffbbe41015ffbe8dd8101f5
最高人民法院关于对“文化大革命”前判处的刑事案件提出的申诉应如何处理的通知	320	司法解释	刑事	3658500	402881e46000e279016001cf5f7d0bd7
最高人民法院关于平反纠正的冤错案件的诉讼卷宗如何处理问题的批复	320	司法解释	程序	3660000	402881e46005230d016005b3793d077f
最高人民检察院关于先后受理同一犯罪嫌疑人涉嫌职务犯罪和其他犯罪的案件审查起诉期限如何起算问题的批复	330	司法解释	刑事	3661500	ff808181857bca5e01859576056037c7
人民检察院行政诉讼监督规则	330	司法解释	程序	3663000	ff8081817b5e8945017b6279578c0912
人民检察院公益诉讼办案规则	330	司法解释	程序	3664500	ff8081817ae10e15017af6bbdfe61f96
人民检察院民事诉讼监督规则	330	司法解释	程序	3666000	ff8081817a9a35ae017abcb567301afa
人民检察院检察委员会工作规则	330	司法解释	综合	3667500	ff808081736bb19d01742d81c7097823
人民检察院刑事诉讼规则	330	司法解释	刑事	3669000	ff808081713927d10171c3d3ff501ccf
最高人民检察院关于《非药用类麻醉药品和精神药品管制品种增补目录》能否作为认定毒品依据的批复	330	司法解释	刑事	3670500	2c90e5ba6a291d8f016c4ad4b2ef373c
人民检察院检察建议工作规定	330	司法解释	综合	3672000	2c90e5ba6a291d8f016c4aab35ed370d
最高人民检察院关于指派、聘请有专门知识的人参与办案若干问题的规定（试行）	330	司法解释	综合	3673500	2c90e5bb681ce1280168842651c11b31
最高人民检察院关于认定累犯如何确定刑罚执行完毕以后“五年以内”起始日期的批复	330	司法解释	刑事	3675000	2c90e5b96c128b4c016c463d266a027a
最高人民检察院关于贪污养老、医疗等社会保险基金能否适用《最高人民法院  最高人民检察院关于办理贪污贿赂刑事案件适用法律若干问题的解释》第一条第二款第一项规定的批复	330	司法解释	劳动	3676500	402881e45ffbbe41015ffc9e7eb710c9
最高人民检察院关于地质工程勘测院和其他履行勘测职责的单位及其工作人员能否成为刑法第二百二十九条规定的有关犯罪主体的批复	330	司法解释	刑事	3678000	402881e45ffbbe41015ffc9666e91041
最高人民检察院关于强制隔离戒毒所工作人员能否成为虐待被监管人罪主体问题的批复	330	司法解释	综合	3679500	402881e45ffbbe41015ffc906f1b0f9f
最高人民检察院关于以检察专递方式邮寄送达有关检察法律文书的若干规定	330	司法解释	程序	3681000	402881e45ffbbe41015ffc8d24a10f39
最高人民检察院关于强迫借贷行为适用法律问题的批复	330	司法解释	民事	3682500	402881e45ffbbe41015ffc83d1bc0e7f
最高人民检察院关于审查起诉期间犯罪嫌疑人脱逃或者患有严重疾病的应当如何处理的批复	330	司法解释	刑事	3684000	402881e45ffbbe41015ffc7b35e80dd4
最高人民检察院关于对涉嫌盗窃的不满十六周岁未成年人采取刑事拘留强制措施是否违法问题的批复	330	司法解释	刑事	3685500	402881e45ffbbe41015ffc54df7f0a2f
最高人民检察院关于公证员出具公证书有重大失实行为如何适用法律问题的批复	330	司法解释	综合	3687000	402881e45ffbbe41015ffc4fda670973
最高人民检察院关于拾得他人信用卡并在自动柜员机（ATM机）上使用的行为如何定性问题的批复	330	司法解释	综合	3688500	402881e45ffbbe41015ffc4d6f700943
最高人民检察院关于对林业主管部门工作人员在发放林木采伐许可证之外滥用职权玩忽职守致使森林遭受严重破坏的行为适用法律问题的批复	330	司法解释	环境	3690000	402881e45ffbbe41015ffc5caeb80af7
最高人民检察院关于新疆生产建设兵团人民检察院对新疆维吾尔自治区高级人民法院生产建设兵团分院审理的案件实施法律监督有关问题的批复	330	司法解释	民事	3691500	402881e45ffbbe41015ffc47e7ca08ba
最高人民检察院关于挪用失业保险基金和下岗职工基本生活保障资金的行为适用法律问题的批复	330	司法解释	劳动	3693000	402881e45ffbbe41015ffc450153086b
最高人民检察院关于单位有关人员组织实施盗窃行为如何适用法律问题的批复	330	司法解释	综合	3694500	402881e45ffbbe41015ffc4184ed081d
最高人民检察院关于涉嫌犯罪单位被撤销、注销、吊销营业执照或者宣告破产的应如何进行追诉问题的批复	330	司法解释	刑事	3696000	402881e45ffbbe41015ffc3faa1207fd
最高人民检察院关于企业事业单位的公安机构在机构改革过程中其工作人员能否构成渎职侵权犯罪主体问题的批复	330	司法解释	刑事	3697500	402881e45ffbbe41015ffc387ca20754
最高人民检察院关于非法经营国际或港澳台地区电信业务行为法律适用问题的批复	330	司法解释	文化	3699000	402881e45ffb5c4c015ffb936cb004d1
人民检察院办理行政执法机关移送涉嫌犯罪案件的规定	330	司法解释	刑事	3700500	402881e45ffb5c4c015ffb84e6c603b9
最高人民检察院关于构成嫖宿幼女罪主观上是否需要具备明知要件的解释	330	司法解释	综合	3702000	402881e45ffb5c4c015ffb8109c20355
最高人民检察院关于工人等非监管机关在编监管人员私放在押人员行为和失职致使在押人员脱逃行为适用法律问题的解释	330	司法解释	综合	3703500	402881e45ffb5c4c015ffb7c97550310
最高人民检察院关于擅自销售进料加工保税货物的行为法律适用问题的解释	330	司法解释	经济	3705000	402881e45ffb5c4c015ffb7a534002eb
最高人民检察院关于以暴力威胁方法阻碍事业编制人员依法执行行政执法职务是否可对侵害人以妨害公务罪论处的批复	330	司法解释	综合	3706500	402881e45ffb5c4c015ffb76b4c10284
最高人民检察院关于国家工作人员挪用非特定公物能否定罪的请示的批复	330	司法解释	综合	3708000	402881e45ffb5c4c015ffb7334cc0226
最高人民检察院关于对跨越修订刑法施行日期的继续犯罪、连续犯罪以及其他同种数罪应如何具体适用刑法问题的批复	330	司法解释	刑事	3709500	402881e45ffb5c4c015ffb700f4f01dd
最高人民检察院关于对服刑罪犯暂予监外执行期间在异地又犯罪应由何地检察院受理审查起诉问题的批复	330	司法解释	刑事	3711000	402881e45ffb5c4c015ffb6cf5b4019c
最高人民检察院关于将公务用枪用作借债质押的行为如何适用法律问题的批复	330	司法解释	综合	3712500	402881e45ffb5c4c015ffb68fe5c0120
最高人民检察院关于“人民检察院发出《通知立案书》时，应当将有关证明应该立案的材料移送公安机关”问题的批复	330	司法解释	综合	3714000	402881e45ffb5c4c015ffb64ab4f00b1
最高人民检察院关于对报请批准逮捕的案件可否侦查问题的批复	330	司法解释	综合	3715500	402881e45ffb0c10015ffb5209a302ec
最高人民检察院关于适用刑法分则规定的犯罪的罪名的意见	330	司法解释	刑事	3717000	402881e45ffb5c4c015ffb5f74870033
最高人民检察院关于挪用国库券如何定性问题的批复	330	司法解释	综合	3718500	402881e45ffb0c10015ffb4ea3b50298
最高人民检察院关于检察工作中具体适用修订刑法第十二条若干问题的通知	330	司法解释	刑事	3720000	402881e45ffb0c10015ffb411b0601f9
最高人民法院、最高人民检察院关于适用刑事缺席审判程序若干问题的规定	340	司法解释	刑事	3721500	ff8081819e48b493019ebafa84c30718
最高人民法院、最高人民检察院关于办理非法占用耕地案件适用法律若干问题的规定	340	司法解释	民事	3723000	ff8081819e48b493019ebaf6aea006f4
最高人民法院、最高人民检察院关于办理危害民航飞行安全刑事案件适用法律若干问题的解释	340	司法解释	刑事	3724500	ff8081819e48b44c019e5e5c67254ac3
最高人民法院、最高人民检察院关于办理环境污染刑事案件适用法律若干问题的解释	340	司法解释	刑事	3726000	ff8081819e48b44c019e5e53da2a4a6c
最高人民法院、最高人民检察院关于办理掩饰、隐瞒犯罪所得、犯罪所得收益刑事案件适用法律若干问题的解释	340	司法解释	刑事	3727500	ff80818198a7eafa019932a487606920
最高人民法院、最高人民检察院关于依法保障在押犯罪嫌疑人、被告人选择辩护人权利有关问题的批复	340	司法解释	刑事	3729000	ff80818197ef49f7019806ef717e4103
最高人民法院、最高人民检察院关于办理破坏黑土地资源刑事案件适用法律若干问题的解释	340	司法解释	刑事	3730500	ff80818197ef49f7019806d8aef63ffc
最高人民法院、最高人民检察院关于办理侵犯知识产权刑事案件适用法律若干问题的解释	340	司法解释	刑事	3732000	ff80818197f7595f019806d08cae139d
最高人民法院、最高人民检察院关于办理袭警刑事案件适用法律若干问题的解释	340	司法解释	刑事	3733500	ff808181927f12760195603406d16626
最高人民法院、最高人民检察院关于办理拒不执行判决、裁定刑事案件适用法律若干问题的解释	340	司法解释	刑事	3735000	ff808181927f0e7b0194488b30df681a
最高人民法院、最高人民检察院关于办理洗钱刑事案件适用法律若干问题的解释	340	司法解释	刑事	3736500	ff808181923a4d0c019240c6a60609b5
最高人民法院、最高人民检察院关于办理危害税收征管刑事案件适用法律若干问题的解释	340	司法解释	刑事	3738000	ff8081818faab35d018fc240e2795985
最高人民法院、最高人民检察院关于执行《中华人民共和国刑法》确定罪名的补充规定（八）	340	司法解释	刑事	3739500	ff8081818e750bc6018e88f96ed86502
最高人民法院  最高人民检察院关于办理强奸、猥亵未成年人刑事案件适用法律若干问题的解释	340	司法解释	刑事	3741000	ff80818188c8b06b0189913b7cc40c22
最高人民法院、最高人民检察院关于办理危害生产安全刑事案件适用法律若干问题的解释（二）	340	司法解释	刑事	3742500	ff808181862ee02d01863a5ee86d3c4e
最高人民法院、最高人民检察院关于办理海洋自然资源与生态环境公益诉讼案件若干问题的规定	340	司法解释	程序	3744000	ff8081818364da14018411ead10a5718
最高人民法院、最高人民检察院关于办理破坏野生动物资源刑事案件适用法律若干问题的解释	340	司法解释	刑事	3745500	ff80818181cdceb30181d806737d4083
最高人民法院、最高人民检察院关于办理危害药品安全刑事案件适用法律若干问题的解释	340	司法解释	刑事	3747000	ff808181844232f70184bbe972155c2e
最高人民法院、最高人民检察院关于办理危害食品安全刑事案件适用法律若干问题的解释	340	司法解释	刑事	3748500	ff8081817e9b2546017e9b74da1a0075
最高人民法院、最高人民检察院关于执行《中华人民共和国刑法》 确定罪名的补充规定（七）	340	司法解释	刑事	3750000	ff8081817bdd7f8c017be343d14e35cc
最高人民法院、最高人民检察院关于检察公益诉讼案件适用法律若干问题的解释	340	司法解释	程序	3751500	ff808181799def980179b1b559001b98
最高人民法院 最高人民检察院关于适用《中华人民共和国刑法》第三百四十四条有关问题的批复	340	司法解释	刑事	3753000	ff808081777d07c50177ccd92ce05364
最高人民法院 最高人民检察院关于缓刑犯在考验期满后五年内再犯应当判处有期徒刑以上刑罚之罪应否认定为累犯问题的批复	340	司法解释	刑事	3754500	ff8080816fbc57c10170a89fe483440f
最高人民法院、最高人民检察院关于办理非法利用信息网络、帮助信息网络犯罪活动等刑事案件适用法律若干问题的解释	340	司法解释	刑事	3756000	ff8080816f3e9784016f41c935a90097
最高人民法院 最高人民检察院关于办理操纵证券、期货市场刑事案件适用法律若干问题的解释	340	司法解释	刑事	3757500	ff8080816f3e98bd016f41cf524e00b9
最高人民法院 最高人民检察院关于办理非法从事资金支付结算业务、非法买卖外汇刑事案件适用法律若干问题的解释	340	司法解释	刑事	3759000	ff8080816f3e98bd016f41d7bae900fd
最高人民法院、最高人民检察院关于修改《关于办理妨害信用卡管理刑事案件具体应用法律若干问题的解释》的决定	340	司法解释	刑事	3760500	2c90e5ba65c68cf70167f28a31f24ea3
最高人民法院、最高人民检察院关于办理虚假诉讼刑事案件适用法律若干问题的解释	340	司法解释	刑事	3762000	2c90e5bb65c68cfd0167f2f9742f4f96
最高人民法院、最高人民检察院关于涉以压缩气体为动力的枪支、气枪铅弹刑事案件定罪量刑问题的批复	340	司法解释	刑事	3763500	2c90e5ba65c68cf70167f2caae4a4f8c
最高人民法院、最高人民检察院关于利用网络云盘制作、复制、贩卖、传播淫秽电子信息牟利行为定罪量刑问题的批复	340	司法解释	刑事	3765000	2c90e5bb65c68cfd0167f2dd12944f30
最高人民法院、最高人民检察院关于办理组织、强迫、引诱、容留、介绍卖淫刑事案件适用法律若干问题的解释	340	司法解释	刑事	3766500	402881e45ffbbe41015ffc012cf003b1
最高人民法院、最高人民检察院关于办理扰乱无线电通讯管理秩序等刑事案件适用法律若干问题的解释	340	司法解释	刑事	3768000	402881e45ffbbe41015ffbfd7a6c0374
最高人民法院、最高人民检察院关于办理侵犯公民个人信息刑事案件适用法律若干问题的解释	340	司法解释	刑事	3769500	402881e45ffbbe41015ffbfc111a0350
最高人民法院、最高人民检察院关于办理组织、利用邪教组织破坏法律实施等刑事案件适用法律若干问题的解释	340	司法解释	刑事	3771000	402881e45ffbbe41015ffbf18be50275
最高人民法院、最高人民检察院关于适用犯罪嫌疑人、被告人逃匿、死亡案件违法所得没收程序若干问题的规定	340	司法解释	刑事	3772500	402881e45ffbbe41015ffbebb517021c
最高人民法院、最高人民检察院关于办理非法采矿、破坏性采矿刑事案件适用法律若干问题的解释	340	司法解释	刑事	3774000	402881e45ffbbe41015ffbde4f810169
最高人民法院、最高人民检察院关于办理贪污贿赂刑事案件适用法律若干问题的解释	340	司法解释	刑事	3775500	402881e45ffbbe41015ffbc6554b0027
最高人民法院、最高人民检察院关于办理妨害文物管理等刑事案件适用法律若干问题的解释	340	司法解释	刑事	3777000	402881e45ffb5c4c015ffb8288c90385
最高人民法院、最高人民检察院关于办理刑事赔偿案件适用法律若干问题的解释	340	司法解释	刑事	3778500	2c90e5bb65c68cfd0167f37924825035
最高人民法院、最高人民检察院关于办理危害生产安全刑事案件适用法律若干问题的解释	340	司法解释	刑事	3780000	402881e45ffb5c4c015ffb805bcf034c
最高人民法院、最高人民检察院关于执行《中华人民共和国刑法》确定罪名的补充规定（六）	340	司法解释	刑事	3781500	402881e45ffb5c4c015ffb7747620293
最高人民法院、最高人民检察院关于办理走私刑事案件适用法律若干问题的解释	340	司法解释	刑事	3783000	402881e45ffb0c10015ffb392ce00177
最高人民法院、最高人民检察院关于办理抢夺刑事案件适用法律若干问题的解释	340	司法解释	刑事	3784500	402881e45ffb5c4c015ffb929f8904bb
最高人民法院、最高人民检察院关于办理利用信息网络实施诽谤等刑事案件适用法律若干问题的解释	340	司法解释	刑事	3786000	402881e45ffb5c4c015ffb8cc33a0460
最高人民法院、最高人民检察院关于办理寻衅滋事刑事案件适用法律若干问题的解释	340	司法解释	刑事	3787500	402881e45ffbbe41015ffbfa01f50335
最高人民法院、最高人民检察院关于办理敲诈勒索刑事案件适用法律若干问题的解释	340	司法解释	刑事	3789000	402881e45ffb5c4c015ffb94ccbe0504
最高人民法院、最高人民检察院关于办理盗窃刑事案件适用法律若干问题的解释	340	司法解释	刑事	3790500	402881e45ffb0c10015ffb29d55e009d
最高人民法院、最高人民检察院关于办理行贿刑事案件具体应用法律若干问题的解释	340	司法解释	刑事	3792000	402881e45ffb5c4c015ffb830a7e0393
最高人民法院、最高人民检察院关于办理妨害国（边）境管理刑事案件应用法律若干问题的解释	340	司法解释	刑事	3793500	402881e45ffb0c10015ffb4dca3c0282
最高人民法院、最高人民检察院关于办理渎职刑事案件适用法律若干问题的解释（一）	340	司法解释	刑事	3795000	402881e45ffb0c10015ffb300d4800d2
最高人民法院、最高人民检察院关于办理内幕交易、泄露内幕信息刑事案件具体应用法律若干问题的解释	340	司法解释	刑事	3796500	402881e45ffb5c4c015ffb8ff5f3048d
最高人民法院、最高人民检察院关于办理危害计算机信息系统安全刑事案件应用法律若干问题的解释	340	司法解释	刑事	3798000	402881e45ffbbe41015ffbf213c9028b
最高人民法院、最高人民检察院关于办理妨害武装部队制式服装、车辆号牌管理秩序等刑事案件具体应用法律若干问题的解释	340	司法解释	刑事	3799500	402881e45ffb0c10015ffb51a73702dc
最高人民法院、最高人民检察院关于执行《中华人民共和国刑法》确定罪名的补充规定（五）	340	司法解释	刑事	3801000	402881e45ffff9500160006f59dc064b
最高人民法院、最高人民检察院关于办理诈骗刑事案件具体应用法律若干问题的解释	340	司法解释	刑事	3802500	2c90e5bb65c68cfd0167f3a560c5509a
最高人民法院、最高人民检察院关于对死刑判决提出上诉的被告人在上诉期满后宣判前提出撤回上诉人民法院是否准许的批复	340	司法解释	民事	3804000	402881e46000e279016001c1cc6a0ab0
最高人民法院、最高人民检察院关于办理非法生产、销售烟草专卖品等刑事案件具体应用法律若干问题的解释	340	司法解释	刑事	3805500	402881e45ffb5c4c015ffb7a987902f3
最高人民法院、最高人民检察院关于办理利用互联网、移动通讯终端、声讯台制作、复制、出版、贩卖、传播淫秽电子信息刑事案件具体应用法律若干问题的解释（二）	340	司法解释	刑事	3807000	402881e45ffb5c4c015ffb8729950404
最高人民法院、最高人民检察院关于执行《中华人民共和国刑法》确定罪名的补充规定（四）	340	司法解释	刑事	3808500	2c90e5bb65c68cfd0167f3b8134350f5
最高人民法院、最高人民检察院关于办理非法采供血液等刑事案件具体应用法律若干问题的解释	340	司法解释	刑事	3810000	402881e45ffb5c4c015ffb6835c2010a
最高人民法院、最高人民检察院关于执行《中华人民共和国刑法》确定罪名的补充规定（三）	340	司法解释	刑事	3811500	2c90e5bb65c68cfd0167f3a85eec50a8
最高人民法院、最高人民检察院关于办理与盗窃、抢劫、诈骗、抢夺机动车相关刑事案件具体应用法律若干问题的解释	340	司法解释	刑事	3813000	402881e45ffbbe41015ffbfd28800367
最高人民法院、最高人民检察院关于办理赌博刑事案件具体应用法律若干问题的解释	340	司法解释	刑事	3814500	402881e45ffb0c10015ffb34ec4a012d
最高人民法院、最高人民检察院关于办理利用互联网、移动通讯终端、声讯台制作、复制、出版、贩卖、传播淫秽电子信息刑事案件具体应用法律若干问题的解释	340	司法解释	刑事	3816000	402881e45ffb5c4c015ffb896184043f
最高人民法院、最高人民检察院关于办理非法制造、买卖、运输、储存毒鼠强等禁用剧毒化学品刑事案件具体应用法律若干问题的解释	340	司法解释	刑事	3817500	402881e45ffb5c4c015ffb805a440348
最高人民法院、最高人民检察院关于执行《中华人民共和国刑法》确定罪名的补充规定（二）	340	司法解释	刑事	3819000	402881e45ffff9500160008ba85b08a2
最高人民法院、最高人民检察院关于办理妨害预防、控制突发传染病疫情等灾害的刑事案件具体应用法律若干问题的解释	340	司法解释	刑事	3820500	402881e45ffb5c4c015ffb603d4d0043
最高人民法院、最高人民检察院关于办理非法生产、销售、使用禁止在饲料和动物饮用水中使用的药品等刑事案件具体应用法律若干问题的解释	340	司法解释	刑事	3822000	402881e45ffb5c4c015ffb73110e021e
最高人民法院、最高人民检察院关于执行《中华人民共和国刑法》确定罪名的补充规定	340	司法解释	刑事	3823500	2c90e5ba65c68cf70167f3bee3eb521b
最高人民法院、最高人民检察院关于适用刑事司法解释时间效力问题的规定	340	司法解释	刑事	3825000	402881e45ffb5c4c015ffb8b92c3044c
最高人民法院、最高人民检察院关于办理伪造、贩卖伪造的高等院校学历、学位证明刑事案件如何适用法律问题的解释	340	司法解释	刑事	3826500	402881e45ffbbe41015ffbf6f04c02f6
最高人民法院、最高人民检察院关于办理生产、销售伪劣商品刑事案件具体应用法律若干问题的解释	340	司法解释	刑事	3828000	402881e45ffbbe41015ffbef49e10245
最高人民法院、最高人民检察院关于对军人非战时逃离部队的行为能否定罪处罚问题的批复	340	司法解释	民事	3829500	402881e45ffbbe41015ffc29d251063c
最高人民法院、最高人民检察院、公安部关于对冻结、扣划企业事业单位、机关团体在银行、非银行金融机构存款的执法活动加强监督的通知	340	司法解释	民事	3831000	402881e46000e279016001c4b9380af4
最高人民法院、最高人民检察院、公安部、劳动人事部研究室关于对无期徒刑犯减刑后原审法院发现原判决确有错误予以改判，原减刑裁定应如何适用法律条款予以撤销问题的答复	340	司法解释	劳动	3832500	402881e45ffbbe41015ffc3c1cdb079e
最高人民法院、最高人民检察院关于废止1993年底以前联合发布的部分司法解释的通知	340	司法解释	民事	3834000	402881e46005230d0160059113d705e9
最高人民法院、最高人民检察院、公安部、国家计委关于统一赃物估价工作的通知	340	司法解释	民事	3835500	402881e45ffff9500160004dd2a803b7
最高人民法院、最高人民检察院关于不再追诉去台人员在中华人民共和国成立后当地人民政权建立前的犯罪行为的公告	340	司法解释	刑事	3837000	402881e45ffbbe41015ffc0fdd720479
最高人民法院、最高人民检察院关于不再追诉去台人员在中华人民共和国成立前的犯罪行为的公告	340	司法解释	刑事	3838500	402881e45ffbbe41015ffc119b31049e
最高人民法院、最高人民检察院、公安部印发《关于当前办理集团犯罪案件中具体应用法律的若干问题的解答》的通知	340	司法解释	刑事	3840000	402881e45ffff95001600075239106d5
